Burst_Number,Type,Node_ID,X_2D,Y_2D,X_3D,Y_3D,Z_3D
1,Parabolic,0,0.2725870473679983,0.024946329023966905,0.27258704712836634,0.02494937275640864,0.6786009660774128
1,Parabolic,1,0.3858655742403526,0.012057419330322767,0.38586557422494283,0.012068309503454399,2.4445132864638657
1,Parabolic,2,0.3739254634835815,0.015005353569850688,0.3739254634075481,0.015018442923377534,2.3702484386295906
1,Parabolic,3,0.35823377527862615,0.017016328943841155,0.3582337751651814,0.017028691251123412,2.136287499126534
1,Parabolic,4,0.37392546348358147,0.015005353570507515,0.37392546340754806,0.015018442921553864,2.3702484386339373
1,Parabolic,5,0.35823377527862615,0.017016328943841155,0.3582337751651814,0.017028691251123412,2.136287499126534
1,Parabolic,6,0.3739254634835814,0.015005353565364445,0.37392546340754795,0.015018442922603445,2.370248438695329
1,Parabolic,7,0.3739254634835816,0.015005353570309559,0.37392546340754806,0.015018442922937658,2.37024843864756
1,Parabolic,8,0.37392546348358147,0.015005353568002111,0.37392546340754795,0.015018442922317472,2.370248438715292
1,Parabolic,9,5.564579964510856,-0.24806768407674679,5.564579965784641,-0.2481221209791829,3.0687197950688696
1,Parabolic,10,2.7995997225445968,1.6638314687217663,2.799599721755455,1.6638070909111395,0.25359874661012627
1,Parabolic,11,0.8301412141733029,0.009950583615796316,0.8301412142369661,0.0098818348847598,0.6145911170193709
1,Parabolic,12,0.3146068425655186,0.041735954594883745,0.31460684219260654,0.04171923928672419,0.5294851483339651
1,Parabolic,13,0.47299648803882377,-0.15668827503859764,0.4729964875960671,-0.15671577568023812,0.6180941057017326
1,Parabolic,14,0.8163605132801264,0.014882583068457855,0.8163605133055573,0.014820925492047665,0.5566533769167483
1,Parabolic,15,2.2281171667408675,1.464751956089839,2.228117166443073,1.464734632695398,0.3666581251244828
1,Parabolic,16,0.5642459601055883,-0.2194595151037814,0.5642459596996918,-0.21947441454593705,0.5540360994040014
1,Parabolic,17,0.5642459601055884,-0.21945951510078426,0.5642459596996918,-0.21947441454287908,0.5540360994243745
1,Parabolic,18,3.9602777296281655,1.078960831321039,3.9602777292401807,1.0789363717115832,0.5112171138514083
1,Parabolic,19,0.21012056833214365,-0.09177118082898605,0.21012056819897676,-0.09176836689735188,0.13484346834291455
1,Parabolic,20,0.6265542997217356,-0.21071013582650072,0.6265542992830788,-0.2107003568316555,0.5850794269704733
1,Parabolic,21,0.6173504036161606,-0.22155852579195806,0.6173504032087722,-0.22154800053135737,0.5702696202780407
1,Parabolic,22,3.325053570648186,1.4758650030839542,3.3250535700709554,1.475883358721075,0.4679829337513418
1,Parabolic,23,0.17811413675568477,-0.12953132160462988,0.17811413671036674,-0.12952279606245687,0.11911764175605732
1,Parabolic,24,0.5630932871590771,-0.2504621216643259,0.56309328687564,-0.25044619202596774,0.5008964872562406
1,Parabolic,25,3.224310855283116,1.2711102668562646,3.2243108543785013,1.2711673338422702,0.4134746642799655
1,Parabolic,26,0.5781362894328909,0.1160163719634264,0.5781362899525238,0.11601776779862538,0.15759402985574328
1,Parabolic,27,0.3185896190552044,-0.22375998760304044,0.31858961904921607,-0.22373237096260926,0.20129497950964073
1,Parabolic,28,0.5623345137623197,-0.1944406007117671,0.562334513440282,-0.19440936387166025,0.5378786429879979
1,Parabolic,29,2.5898781386939818,0.9239791412875322,2.58987813851725,0.9240402642986552,0.5277703186534318
1,Parabolic,30,0.1529976458379093,-0.11984576476478997,0.15299764592927673,-0.11983747478202086,0.13246501478267322
1,Parabolic,31,0.7499876716829799,0.20969958454070364,0.7499876720560452,0.20968814312648323,0.5492836771068381
1,Parabolic,32,0.370295011200651,-0.035019782278121234,0.3702950109368212,-0.03500440788510144,0.5206448444333137
1,Parabolic,33,1.7687962646252922,0.36959782636003596,1.7687962648566025,0.3696129040020367,0.6110889372601103
1,Parabolic,34,2.1747731418004737,0.48769193228271307,2.1747731418866962,0.4876967000985547,0.4894935925110847
1,Parabolic,35,0.16201944637147148,-0.14232801204990472,0.16201944654212952,-0.14233804634651,0.10374235780035751
1,Parabolic,36,1.3620342772763536,0.8587257239537718,1.3620342776543617,0.8586794424984749,0.3540636429451699
1,Parabolic,37,0.28648854494233644,-0.15348498544165826,0.28648854520005934,-0.1535189211511402,0.12584790750902755
1,Parabolic,38,0.2864885449423364,-0.1534849854401842,0.2864885452000593,-0.15351892115165583,0.12584790750059957
1,Parabolic,39,0.5302334396494516,-0.12416559854717091,0.5302334395911253,-0.12419591406170308,0.46243157096707854
1,Parabolic,40,4.075152352783325,0.8708890952913415,4.075152353129309,0.8708528507314461,0.08057930163439145
1,Parabolic,41,3.137090155858671,1.3371906488307723,3.1370901560487345,1.3371612675019848,-0.6911801126320167
1,Parabolic,42,1.8886046024036605,1.472176588533432,1.8886046031576837,1.4721539980151361,-0.4975311947519706
1,Parabolic,43,0.28207192333398323,-0.2535743280837735,0.28207192380850754,-0.25360624130010534,-0.0785207616002573
1,Parabolic,44,0.13799708430123792,-0.07752875233384394,0.13799708453436188,-0.07755366298012104,-0.04727368174300227
1,Parabolic,45,0.8417341561455534,-0.4852538993794431,0.8417341561881425,-0.48528765492055137,0.1912164789468398
1,Parabolic,46,3.289160021297153,1.4893478683934351,3.289160021104016,1.4893166384952792,-0.28389486957337273
1,Parabolic,47,0.18925614628811016,-0.16378967996097285,0.18925614648521843,-0.16379704245691706,-0.003649898270653318
1,Parabolic,48,0.842211599832116,0.060078749850740576,0.8422116003968435,0.06004710889201759,0.25524095015476866
1,Parabolic,49,3.4167553612713246,1.2286283891463288,3.4167553613147934,1.228622548860463,-0.30975115172009005
1,Parabolic,50,0.29139978935732946,-0.3140794670411629,0.2913997896346324,-0.31407695573233574,-0.0698529535219855
1,Parabolic,51,2.944363389641718,1.7425999880573881,2.944363389653608,1.7426099842925709,-0.25655806536460346
1,Parabolic,52,0.27956509674969066,-0.29535357257876216,0.27956509722116873,-0.2953470458968806,-0.07762399721512395
1,Parabolic,53,0.2795650967496906,-0.2953535725812846,0.2795650972211687,-0.29534704589519767,-0.07762399716507701
1,Parabolic,54,2.8788445571534216,1.346851932801584,2.8788445575820933,1.3468921244603151,-0.29477396259704913
1,Parabolic,55,0.1865133283109687,-0.21853399649173605,0.18651332877408408,-0.2185293252071443,-0.07716697758820809
1,Parabolic,56,1.1926526549343752,0.7204849369846669,1.192652655906993,0.7204845568389896,-0.33119768353572965
1,Parabolic,57,0.5252757894829729,0.010233345751866796,0.5252757906538172,0.010219767803639923,-0.12189114209609882
1,Parabolic,58,1.4696963528778182,0.7103444801804981,1.469696353516139,0.7103539615706091,0.03587306243857277
1,Parabolic,59,0.9467091651417157,0.1152977089405261,0.9467091659225623,0.11527745158591537,0.20134733207200614
1,Parabolic,60,0.2529387764519072,-0.010631598010904138,0.2529387764942129,-0.010627054867544295,-0.06295123283957321
1,Parabolic,61,0.2529387764519072,-0.010631598009973616,0.2529387764942128,-0.010627054866627421,-0.06295123281204565
1,Parabolic,62,4.321885200273942,-0.004087036284139034,4.3218852002751005,-0.004073001971227286,-0.6512253237789916
1,Parabolic,63,1.515385639731175,1.2122670347351647,1.515385639811722,1.21227148171193,-0.5188775501675847
1,Parabolic,64,2.110307457194962,1.3013490442149007,2.110307456872931,1.3013610721531825,-0.7285463661494769
1,Parabolic,65,2.3597107619833224,1.1026244245840942,2.3597107611506383,1.102632001828757,-0.802774360423082
1,Parabolic,66,0.130381204622451,-0.127099091959647,0.13038120425522812,-0.1270875045780788,-0.12294214153799427
1,Parabolic,67,0.48644889703843164,0.09973139045333834,0.4864488970709915,0.09971259123391368,-0.197628057007054
1,Parabolic,68,2.203529004595766,0.9555339194560841,2.203529003811867,0.9555481815827713,-0.2831011925959669
1,Parabolic,69,0.9261877776027885,0.12845295735891338,0.9261877774246791,0.12842493456505255,0.18033482479405843
1,Parabolic,70,2.202917324082913,0.9559618641640248,2.2029173233168367,0.9559757510096156,-0.27480737286291645
1,Parabolic,71,0.47248452197329116,0.09610883377387919,0.4724845221374331,0.09608382106048463,-0.12200369813236275
1,Parabolic,72,2.1858679839500508,1.0093716573453122,2.1858679830074927,1.0093794498306656,-0.3187001543361876
1,Parabolic,73,0.26847972638635104,-0.1616927245556694,0.26847972610577847,-0.16169342632326794,-0.11076762963981085
1,Parabolic,74,0.268479726386351,-0.16169272455763747,0.26847972610577864,-0.16169342632465827,-0.11076762969845919
1,Parabolic,75,3.4064369674418553,0.6819520186527286,3.406436966591885,0.6819476892825138,-0.4719008864349855
1,Parabolic,76,1.8319498091121884,1.415659990306178,1.8319498099411375,1.4156537246007685,-0.42274976738624537
1,Parabolic,77,0.1719533894161192,-0.2734069824537704,0.17195338966963097,-0.2734049828535829,-0.05499723327322642
1,Parabolic,78,1.9217108624162942,1.1707315988411182,1.9217108631091424,1.1707406314475761,-0.023517376583199294
1,Parabolic,79,0.7536063927946328,0.3722869011708596,0.7536063938521733,0.37226454492741856,-0.06546769749086852
1,Parabolic,80,0.7612944989619517,0.38803962166632766,0.7612945001128729,0.38801779075163123,-0.06294335530730807
1,Parabolic,81,0.17551580542254747,-0.1332955190840584,0.1755158060009529,-0.13329082237494716,0.022993848902858462
1,Parabolic,82,1.1484211607002932,-0.29789283538933176,1.1484211608949007,-0.2978736276859793,0.2753571270064942
1,Parabolic,83,2.336949828901842,-1.4725278674676323,2.3369498293339626,-1.4725252877704031,0.1201686067905968
1,Parabolic,84,4.357165634665997,-0.4357902065796296,4.357165634795986,-0.43576164190837435,-0.4415980146561922
1,Parabolic,85,1.1805868169478466,0.973179192764789,1.1805868162543924,0.9731752145974757,-0.31431416919511945
1,Parabolic,86,0.2409886656652096,-0.10955750544836113,0.24098866485583606,-0.10954942424972573,-0.07812745282189937
1,Parabolic,87,0.2602877244501547,-0.10204703150662334,0.2602877235186952,-0.10203695517788193,-0.09271258496721865
1,Parabolic,88,0.4405883272720035,-0.06348952899467862,0.44058832632156325,-0.06348216723224473,-0.13234557444056202
1,Parabolic,89,3.8197933476678387,0.16545085030917578,3.819793346826912,0.16547021592983657,-0.22776278918614454
1,Parabolic,90,0.33644814564053005,0.005564280396286234,0.3364481450708441,0.005573550056226038,-0.03134828565435508
1,Parabolic,91,0.33644814564053,0.005564280395984635,0.33644814507084403,0.005573550057812012,-0.03134828565530501
1,Parabolic,92,3.1882614261273727,-0.22364280389930963,3.188261426134887,-0.22360661605809434,0.0030045134202721993
1,Parabolic,93,1.414786107027023,1.1917395880927661,1.4147861072944783,1.1917636991768945,-0.319034043643717
1,Parabolic,94,1.4294992616306252,1.2188661096667073,1.4294992620048501,1.218897016261565,-0.3261403972234118
1,Parabolic,95,0.07732940757258815,-0.11695669162688643,0.07732940768836756,-0.11694049483711613,-0.04279301575642942
1,Parabolic,96,0.25856491320742037,-0.1126050650173633,0.2585649132608875,-0.11258389213240991,-0.021773199195154785
1,Parabolic,97,0.9492589281170076,0.186711417870951,0.9492589277284604,0.1867588045756266,0.18838920800002323
1,Parabolic,98,0.20191587946849068,0.20249797080084317,0.20191587945664952,0.20250677377119314,-0.0014553078709993034
1,Parabolic,99,3.458468647780973,-2.1024171117976893,3.458468647154831,-2.10240062929449,-0.1997697348521565
1,Parabolic,100,5.205794525174522,-1.693033831011955,5.205794524749478,-1.6930355615566368,-0.6773520679081567
1,Parabolic,101,1.4407631017073241,1.380753510191993,1.4407631023217027,1.3807562087319183,-0.42167077747536497
1,Parabolic,102,0.12313520881978135,-0.2545439236258198,0.12313520905949002,-0.25454734606156953,-0.10026709143833237
1,Parabolic,103,1.2472199142184137,1.0271516891993067,1.2472199154112555,1.0271388443315828,-0.3933600630228403
1,Parabolic,104,0.2360158976455286,0.0036678630416847463,0.23601589823355712,0.003663543045988926,-0.07963106016673982
1,Parabolic,105,0.2360158976455286,0.0036678630394664513,0.2360158982335572,0.0036635430452813117,-0.07963106019098527
1,Parabolic,106,0.23601589764552866,0.003667863043044603,0.2360158982335571,0.0036635430454804163,-0.07963106016106128
1,Parabolic,107,3.432863038675864,-1.0693508318070468,3.4328630401863753,-1.0694011574199638,-0.09518667247287335
1,Parabolic,108,0.3766549608107537,0.36796972566819813,0.3766549608294194,0.3679731136394002,-0.08293766327110683
1,Parabolic,109,4.789335536820893,-2.41159421224519,4.789335537011197,-2.4116621614133105,-0.5794749467990454
1,Parabolic,110,0.5246017419833482,0.45787636588283126,0.5246017419374116,0.45786915799674177,-0.20860410205816982
1,Parabolic,111,0.5246017419833482,0.45787636588288305,0.5246017419374117,0.45786915799802225,-0.20860410206750163
1,Parabolic,112,0.5369179352935919,0.42816983530414027,0.5369179352818501,0.4281603111982314,-0.22084277109558476
1,Parabolic,113,0.2811728317422388,0.25133755401798324,0.28117283176784674,0.2513332409424029,-0.11157970354693669
1,Parabolic,114,5.60095118724025,-2.805700330019834,5.6009511875285005,-2.8057223564673723,-0.6844178406795223
1,Parabolic,115,0.491421511107489,0.6116396140331546,0.4914215110447622,0.611651239777536,-0.1456134417475722
1,Parabolic,116,5.126546567400406,-2.980361251645633,5.126546567522116,-2.9803649769090144,-0.49735560918361243
1,Parabolic,117,0.5062810102418889,0.6189063044566099,0.5062810106232682,0.6188956285850747,-0.11031024557284355
1,Parabolic,118,5.925326978067585,-2.8745838112519797,5.9253269774209185,-2.874482714235147,-0.39743843275215535
1,Parabolic,119,0.2844677072031216,0.27480600996859356,0.28446770763753204,0.2747907444473387,-0.05592337677331333
1,Parabolic,120,0.28446770720312153,0.27480600996757354,0.28446770763753215,0.2747907444475325,-0.055923376812245205
2,Parabolic,0,0.0023230367936075357,0.0038011052270778534,0.0023230369867758465,0.003801174013355022,0.2774322488068776
2,Parabolic,1,0.04133942320648124,-0.029709321369830972,0.04133942335461793,-0.029709089612084037,1.6689566288422155
2,Parabolic,2,0.04121582730679683,-0.02915171928793025,0.04121582745098189,-0.02915148069123697,1.6294112752849397
2,Parabolic,3,0.03913373868003284,-0.034163942727369966,0.039133738609531704,-0.03416372482981518,1.4261342363180665
2,Parabolic,4,0.04121582730679766,-0.029151719298369107,0.041215827450975684,-0.02915148071914773,1.6294112748322829
2,Parabolic,5,0.03913373868003284,-0.034163942727369966,0.039133738609531704,-0.03416372482981518,1.4261342363180665
2,Parabolic,6,0.0412158273067976,-0.029151719276697317,0.04121582745098523,-0.02915148068146824,1.6294112757804673
2,Parabolic,7,0.5314144799969592,0.3842005523483155,0.5314144813770986,0.3842016865567494,2.0219293050313145
2,Parabolic,8,0.2147032894137883,-0.1486794794349286,0.21470328811970082,-0.1486759035674036,0.5468065086652617
2,Parabolic,9,3.289321113038096,0.7778990026776869,3.2893211093439034,0.7778738998204353,1.2677247109363659
2,Parabolic,10,0.9267727478479786,0.6138636085843124,0.9267727466760265,0.6138648138089677,0.6164904467613721
2,Parabolic,11,0.34819256249349134,-0.3108941441156251,0.34819256079782274,-0.31089365527778867,0.4609326648218043
2,Parabolic,12,1.9801396674492484,1.038231795168787,1.980139665856066,1.0382422914367364,0.8881124334177698
2,Parabolic,13,2.0434132107011638,1.0642423818529263,2.043413210753268,1.0642538851506358,1.3333883767435264
2,Parabolic,14,0.6090218303088989,0.17692354797092064,0.6090218346421461,0.17691392728496808,1.0017653022572872
2,Parabolic,15,0.6090218303088982,0.17692354798367177,0.6090218346421427,0.17691392728412658,1.0017653013795813
2,Parabolic,16,0.8073744545232682,0.11281685848007295,0.8073744585784377,0.11281189942215819,1.3091760374916896
2,Parabolic,17,0.4388001393388446,-0.340940076952241,0.4388001415338443,-0.34094631347730925,0.8897951326990732
2,Parabolic,18,1.6685248573375624,0.7099348392605928,1.6685248575799372,0.7099340463153216,1.4415132693177846
2,Parabolic,19,3.6965253159412566,0.3211181229504412,3.6965253181612074,0.32111285333358186,0.1306784209729844
2,Parabolic,20,1.3108272780047365,0.9973343431416709,1.310827276871772,0.9973444706330297,0.04538888930721416
2,Parabolic,21,0.4479317116196899,-0.30487893658839327,0.44793171140786714,-0.3048728124180593,-0.07566547722412906
2,Parabolic,22,2.9637811909588736,1.0645584002875315,2.9637811929540026,1.0645592682552416,-0.6305382551418518
2,Parabolic,23,2.987834325359614,0.9943850391070251,2.987834326947295,0.9943820938270227,-0.6712345097950829
2,Parabolic,24,1.459675184150419,1.0814359965183091,1.4596751858275139,1.081456390367267,-0.19452575004589803
2,Parabolic,25,0.7511726155992808,0.08935689943209979,0.7511726193965536,0.0893635201990659,-0.12077374361159679
2,Parabolic,26,3.210458038413668,0.6725263698675509,3.210458039976031,0.6725180683467604,-0.7999109519561245
2,Parabolic,27,0.29513100221780775,-0.25332252745576905,0.2951310021330144,-0.25331372564501986,-0.19958009401622895
2,Parabolic,28,2.0415226564891933,1.3075171780116865,2.0415226558963835,1.3075190114366892,-0.3994822639824329
2,Parabolic,29,1.847652964930893,1.1396752621940598,1.8476529622175148,1.1396958221679991,-0.30423357989253297
2,Parabolic,30,0.6472540590167024,0.2868761408661403,0.6472540593802663,0.28686679125485925,-0.029155710978333665
2,Parabolic,31,0.2451817311950192,-0.05159023242893921,0.24518172928330573,-0.051590710801533296,-0.11989205430651496
2,Parabolic,32,3.7158582520357024,0.11636439633281986,3.7158582508316043,0.11638093170159358,-0.6922563001350474
2,Parabolic,33,2.301300763449364,1.150213982833836,2.301300763152869,1.150203413060884,-0.360864507647495
2,Parabolic,34,0.5300029594931208,0.18557341291996043,0.5300029589002301,0.18557362575860037,0.08573689310390285
2,Parabolic,35,1.4208593874003514,0.8460308335854667,1.420859382028507,0.8460361188601245,-0.06215466198979719
2,Parabolic,36,0.8335342835368695,0.07670964821910059,0.8335342814067268,0.07670680363296989,-0.061558594539169786
2,Parabolic,37,1.6856096905576932,0.734542822614499,1.6856096900355497,0.7345291461141026,-0.19391745560887977
2,Parabolic,38,1.5821279575072278,0.8876681983715171,1.5821279572183495,0.8876542841216727,-0.19649676899495375
2,Parabolic,39,0.3094108507206087,-0.12096561164221868,0.3094108546675909,-0.1209818203854351,-0.1395386721977985
2,Parabolic,40,3.9239687241518553,0.05784571185411608,3.9239687307346234,0.05785338130650519,-0.6459519292242868
2,Parabolic,41,1.8286593855736384,1.130904542493289,1.8286593928275001,1.1308787016497601,-0.15311482829440684
2,Parabolic,42,1.6900370127910693,0.9038191781845359,1.6900370206691584,0.903803537250423,-0.08780158250423944
2,Parabolic,43,1.3905197729481256,0.9440496195270973,1.390519782552177,0.9440246332973975,-0.039726948550235036
2,Parabolic,44,0.43770672591750515,-0.22556928389679873,0.4377067343225573,-0.22559319605811176,-0.14830121275454766
2,Parabolic,45,2.47468747347648,0.7612871621605,2.4746874823317544,0.7612627679643804,-0.20947916912142076
2,Parabolic,46,0.6549797737453249,0.2353343961402542,0.6549797774186354,0.23532855434275193,0.1717744273250229
2,Parabolic,47,0.6549797737453248,0.23533439614560497,0.6549797774186348,0.23532855436478178,0.17177442718228103
2,Parabolic,48,2.816508079946505,0.6107318156738207,2.816508079013362,0.6107292347146582,0.13113743958867746
2,Parabolic,49,1.1623258724464176,0.9465056951640868,1.1623258691283105,0.9465179936354472,0.18014528290018586
2,Parabolic,50,1.649084931592824,0.8673379899550949,1.6490849268224024,0.8673439045500022,0.10383411649713345
2,Parabolic,51,1.9743280355188575,0.8664234248223278,1.97432802917602,0.8664387941372151,0.27642573280017196
2,Parabolic,52,0.2895607752322179,-0.1462956683292022,0.289560772312241,-0.14629073540062046,-0.005981628531881715
2,Parabolic,53,3.17852808199822,0.2770374649970005,3.178528081634546,0.27703711390472563,-0.3112118524942843
2,Parabolic,54,0.3477116981370916,-0.09206356137104041,0.34771169738262675,-0.09206126234430675,-0.11277541802380603
2,Parabolic,55,3.009148281120349,0.4425622347550071,3.0091482828952496,0.44255754103385203,-0.3648808753816163
2,Parabolic,56,0.7294089520960851,0.45924041971740015,0.7294089522686844,0.45923519918866457,-0.0017711487164760176
2,Parabolic,57,0.2655399095189689,0.018500280979440925,0.26553990824140083,0.018497260296199365,-0.0834650184652907
2,Parabolic,58,3.995985740420274,-0.6038699143888414,3.9959857272253427,-0.6038386548795597,-0.5025163286645568
2,Parabolic,59,1.4630702537016558,1.212439864024076,1.4630702504865105,1.2124443857238687,0.00300841197611057
2,Parabolic,60,1.582880229017981,1.0855621532472397,1.5828802207333796,1.085571449024377,8.656970630682714e-06
2,Parabolic,61,0.7011274289550617,0.3808109995501188,0.7011274250513917,0.38082019501549963,0.10310550167071623
2,Parabolic,62,0.9459117971124673,0.466890922448714,0.9459117927090397,0.46689062935667136,0.012533226533899933
2,Parabolic,63,0.6048397227265105,0.017094317217970292,0.6048397176623987,0.017097716508028105,-0.13619869385207606
2,Parabolic,64,4.238600213491699,-1.082254684255131,4.238600212012402,-1.082273220408546,-0.330064762855385
2,Parabolic,65,1.3761583066661105,1.347960023812028,1.3761583057420141,1.3479728676076372,-0.007771822221492364
2,Parabolic,66,1.2246466698411635,0.7552687302311303,1.2246466713277517,0.7552689200816964,-0.13857313818020725
2,Parabolic,67,0.6221475794660996,0.2885835972525318,0.6221475794800944,0.28858505949699,-0.2242709553561302
2,Parabolic,68,0.8476599534192006,0.4473591488069652,0.847659952899821,0.4473658883105275,-0.27151895453616326
2,Parabolic,69,0.8476599534192051,0.44735914880134836,0.8476599528998161,0.44736588831646507,-0.2715189549864643
2,Parabolic,70,2.8075845491381766,-1.3327898524728816,2.807584551430165,-1.332809703330372,-0.425770913912497
2,Parabolic,71,5.343827500191286,-2.5728404230957382,5.343827505521542,-2.572850858550043,-0.2418156647520077
2,Parabolic,72,0.9113853166223955,1.1356101948158392,0.9113853159286149,1.1356153222665128,0.1411944630036564
2,Parabolic,73,5.165192571277879,-2.856648957319333,5.165192573593007,-2.8566472682512907,0.1519644540351548
2,Parabolic,74,0.6884690239131752,0.6421370185961351,0.6884690238547826,0.6421468658020877,0.27170182625202716
2,Parabolic,75,0.6884690239131764,0.6421370186089532,0.6884690238547801,0.6421468657834624,0.27170182615651084
2,Parabolic,76,0.6884690239131769,0.64213701860831,0.6884690238547809,0.6421468657998837,0.27170182593078995
2,Parabolic,77,5.709466127502854,-3.4467472247735955,5.70946612210476,-3.4467252539246895,0.9396765665699991
3,Parabolic,0,0.28206975793358496,0.586692111906312,0.28206975799791517,0.5866765221925727,-0.17163775763800146
3,Parabolic,1,0.3913035671002759,1.629175066653394,0.39130356799954935,1.629163106587728,-0.09854319065649833
3,Parabolic,2,0.37597924295733776,1.559893862462284,0.37597924408166744,1.5598721071076063,-0.12530358726366586
3,Parabolic,3,0.39518419241133557,1.7183459612955132,0.3951841935630164,1.7183338542679478,-0.10370469610741846
3,Parabolic,4,0.35349914888887973,1.3417217384457396,0.35349914982507635,1.3416985197255848,-0.1385930654091176
3,Parabolic,5,0.4131557285712243,1.8496202055012363,0.4131557296712528,1.8496194514946722,-0.07992531170967077
3,Parabolic,6,0.33079611585532,1.1116082120464337,0.3307961165668625,1.1115835278109958,-0.15257916363002857
3,Parabolic,7,0.41315572857122385,1.8496202055285988,0.4131557296712529,1.8496194514789088,-0.07992531165909471
3,Parabolic,8,0.4131557285712254,1.8496202055083437,0.4131557296712557,1.849619451544242,-0.07992531174425542
3,Parabolic,9,4.51859149925317,2.75175149304168,4.518591495922795,2.751806511035788,1.3703648347989004
3,Parabolic,10,3.599119107779654,1.1191551288293533,3.5991191156344993,1.1190163473342791,1.6325760554717756
3,Parabolic,11,0.2871250980916587,0.282116744961209,0.2871250980697948,0.28212209972042157,-0.24968587059882155
3,Parabolic,12,1.3987725560991702,0.9876058479421614,1.3987725556136623,0.9876656184532102,0.21693030155260085
3,Parabolic,13,0.8208192787481208,0.9859639294700242,0.8208192780856187,0.9860084276872852,-0.5971506445704945
3,Parabolic,14,0.8695251318480468,1.1409486436897673,0.8695251315320058,1.1409815773201506,-0.5125058241996944
3,Parabolic,15,0.8965125502336102,1.3122552316681153,0.896512549516274,1.3123019369299498,-0.5424724403713677
3,Parabolic,16,0.12028685052234757,0.44274048155376666,0.1202868507849307,0.44273414470502337,0.14785241256530118
3,Parabolic,17,0.36577349169955087,0.767746554860536,0.36577349212006444,0.7677118985062132,-0.06590656282518949
3,Parabolic,18,0.8315074082200529,1.2261215058209032,0.831507408414875,1.226170114209987,-0.4872351706378505
3,Parabolic,19,0.31537473619375,0.47103470988554663,0.3153747362446268,0.47107689089026417,-0.0904847383826011
3,Parabolic,20,0.7563948028178704,0.9281913373061106,0.756394803100059,0.9282325594228917,-0.5590580337768837
3,Parabolic,21,3.9017215646683385,1.363297854868502,3.901721568073075,1.3631806905985884,1.7162213024785626
3,Parabolic,22,0.4277849498114885,0.2701996462492174,0.4277849465072665,0.2702711635753152,-0.36746401027774295
3,Parabolic,23,0.4510257073725684,0.3021149475565377,0.4510257039740222,0.30219540869465333,-0.3100999269347974
3,Parabolic,24,0.4277849498114885,0.2701996462492174,0.4277849465072665,0.2702711635753152,-0.36746401027774295
3,Parabolic,25,3.09356388866179,0.3528158401645308,3.0935638830463503,0.35304635251465005,1.3161313290998136
3,Parabolic,26,2.478444410471717,-0.29192787046583546,2.4784444046289895,-0.29182774132270445,1.4993697872133567
3,Parabolic,27,0.15786543148782267,-0.04184371799362373,0.15786542790877356,-0.0418354225029771,-0.1631157111589794
3,Parabolic,28,0.26946693199822513,-0.02033194161235534,0.26946692642530323,-0.020223788602521102,-0.290660975691018
3,Parabolic,29,2.0542118986706965,0.1823097210290895,2.0542118843822155,0.18223961564801694,0.8172367185569938
3,Parabolic,30,0.13961180097106374,0.04853738948156713,0.13961179609068616,0.04863015293774452,-0.10832949068156
3,Parabolic,31,0.37596450318191377,0.18047003908147488,0.3759644961239931,0.18052153662178086,-0.014563857054912165
3,Parabolic,32,0.20518978314699016,0.1400253725517417,0.2051897759164893,0.14014192197844091,0.022027256236677617
3,Parabolic,33,1.1414942274740545,0.6833046072619535,1.1414942166554833,0.6834104284500334,-0.9655722751215368
3,Parabolic,34,0.2381429877192388,0.1308469635291993,0.23814298693817593,0.13083111735637645,0.08404626591755066
3,Parabolic,35,3.0037820478773893,0.29367262601359245,3.003782050775898,0.2937165613637009,0.3430921905441555
3,Parabolic,36,0.7673758554875186,-0.1895195962134896,0.7673758713969364,-0.18965113258391678,0.22427218528564816
3,Parabolic,37,0.5044237475597091,-0.07614653348965703,0.5044237627462408,-0.07630473112719682,-0.11038012218873477
3,Parabolic,38,0.504423747559709,-0.0761465335136321,0.5044237627462411,-0.07630473119127303,-0.11038012218847772
3,Parabolic,39,0.5044237475597101,-0.0761465335235031,0.5044237627462405,-0.07630473117424379,-0.11038012212848476
3,Parabolic,40,4.000332267232411,-0.5214284178332946,4.000332270534122,-0.5215528970412384,0.47035521121692025
3,Parabolic,41,0.38559943106917666,-0.24068037818772348,0.3855994343513312,-0.24070158639292422,-0.2705166665932148
3,Parabolic,42,2.711669635369793,-1.2760959723304923,2.711669630326228,-1.2760115340091605,1.5339757162681982
3,Parabolic,43,2.271927255115692,-1.1734166951266112,2.2719272495118816,-1.173420985116672,1.2944967021570577
3,Parabolic,44,0.594620474848027,-0.5865478019570554,0.594620472798252,-0.5864712515588272,0.044112377820417825
3,Parabolic,45,0.7273750836048958,-0.7493876741598128,0.7273750839134152,-0.7493632851139561,-0.5500125945319583
3,Parabolic,46,0.5716408947330813,-0.5415252920881917,0.5716408958692333,-0.5415258496435855,-0.3411695279737856
3,Parabolic,47,2.510987151018606,-1.4970866329634591,2.5109871446387126,-1.4971138941615671,1.0735354976837068
3,Parabolic,48,0.17563798183822513,-0.26613767900346985,0.17563797957804597,-0.2661183010076833,-0.1710700669578768
3,Parabolic,49,0.5462851217013898,-0.4902370016526465,0.5462851172976927,-0.4901714552712153,0.19418559391727763
3,Parabolic,50,0.27379092950622297,-0.34542650530519986,0.2737909249716409,-0.3453859162078362,-0.16716945177162412
3,Parabolic,51,1.708515875241022,-0.5919363126631837,1.7085158731300294,-0.59197263300655,-0.02898593112614678
3,Parabolic,52,0.20083728253141833,-0.16391884437910817,0.20083727824565867,-0.1638938707789356,0.03452808546748275
3,Parabolic,53,1.787392241809454,-0.6318210273265942,1.7873922405055773,-0.6317922063895629,-0.22687308806323353
3,Parabolic,54,3.7351277216853296,-0.6655864189607602,3.7351277239177683,-0.6653310174718831,0.3580156864346129
3,Parabolic,55,1.9941742993734095,-0.6315401006339769,1.9941743056740235,-0.6314898260932249,1.2590035987902128
3,Parabolic,56,0.3576170818961263,-0.2102190172658596,0.3576170868553437,-0.21022178704708158,-0.183152831344222
3,Parabolic,57,0.4956203943319069,-0.27253274261358174,0.4956204012404629,-0.2724711575470361,-0.26119385882786095
3,Parabolic,58,0.4761917258161086,-0.2477000931746789,0.4761917319204913,-0.24766841714389157,-0.2897162146059078
3,Parabolic,59,2.0639896338355124,-0.2797966555419509,2.063989639835357,-0.2798245689521133,0.7888429225273925
3,Parabolic,60,3.1160448729676364,0.04566697947384399,3.1160448744653126,0.04573039343529439,0.3389630696288275
3,Parabolic,61,0.27493890996304704,-0.02643079809728971,0.2749389090781461,-0.02652968204754912,-0.1688584255740324
3,Parabolic,62,0.27493890996304726,-0.02643079810193695,0.2749389090781451,-0.026529682086550526,-0.16885842556753988
3,Parabolic,63,1.3947869487396551,-0.21679841258225419,1.394786944250995,-0.21673565273879786,1.081481538048187
3,Parabolic,64,0.19457847017525204,-0.01281920878702494,0.19457846611369592,-0.012903017421652906,-0.22023784246569464
3,Parabolic,65,0.36386737141042297,-0.007407638038602914,0.3638673680663715,-0.007547671242612238,-0.2731208454869465
3,Parabolic,66,1.6283087394824354,0.1284697749295809,1.6283087349765215,0.12846013342168333,0.8242987811212357
3,Parabolic,67,0.10637196282050222,0.02917731791004198,0.10637196048680389,0.029127548125591596,-0.11931315251174099
3,Parabolic,68,0.2232728233853989,0.08945053864363978,0.22327282065831733,0.08943815809376471,0.06025914153476852
3,Parabolic,69,0.1290308561925941,0.07084242903046092,0.12903085556232374,0.0708608958502377,0.170211573559701
3,Parabolic,70,2.0227246362823563,0.4395006699071056,2.022724635220208,0.4393272425056827,-1.3209872621522645
3,Parabolic,71,0.28142266084983475,0.05669452075507025,0.2814226603558446,0.05674990897605103,0.3754262810076467
3,Parabolic,72,2.8759065919160123,-0.016119531575500945,2.875906591428655,-0.0161164194597304,-1.4602110942428073
3,Parabolic,73,0.39919389141849637,-0.07755219819728776,0.3991938913851828,-0.07748314115249019,0.350608532390852
3,Parabolic,74,4.072729537993496,-0.5629460610018341,4.072729537201778,-0.5630815951093058,-1.1372548852182354
3,Parabolic,75,0.34464008761830145,-0.19309954698456616,0.344640087826219,-0.19306911519895342,0.010256780387575576
3,Parabolic,76,0.34464008761830267,-0.1930995470072377,0.34464008782622135,-0.19306911515933228,0.010256780249693898
3,Parabolic,77,1.581666481760809,-0.6860330647860118,1.5816664825487337,-0.686062182950812,1.050672697586339
3,Parabolic,78,0.14643848645812285,-0.15703332947426685,0.14643848652475572,-0.15704730536578965,-0.21736374876593584
3,Parabolic,79,0.9673398596860527,-0.48676221599943137,0.9673398594647388,-0.4868059524494394,0.559600658383804
3,Parabolic,80,1.3149996520298217,-0.55540122966834,1.3149996527193832,-0.5554634555072442,0.8425496576901046
3,Parabolic,81,1.0167192585415687,-0.43593770964172984,1.0167192605866193,-0.43600397519713746,0.5850624846824317
3,Parabolic,82,0.09147602996125717,-0.09582638655590164,0.09147603091196099,-0.09584417523605074,-0.07065139396206506
3,Parabolic,83,0.5755737701751928,-0.27969819784500793,0.5755737726590079,-0.2796399959297858,-0.06183925730852008
3,Parabolic,84,1.9412314779676525,0.24717534933896534,1.9412314748040316,0.2472059666986224,-0.8127228972793611
3,Parabolic,85,0.28456933467430534,-0.0030274073383431965,0.28456933463765843,-0.003026894163717632,0.3447335232820443
3,Parabolic,86,3.012172863689094,-0.2698045406523335,3.0121728636100427,-0.26968793246972483,-1.741534499333178
3,Parabolic,87,4.340503276833503,-0.6559452563812939,4.340503287581191,-0.655918307378726,-1.3966554077090527
3,Parabolic,88,1.1483883381873046,-0.30486971580811983,1.1483883485350361,-0.30507352762302725,0.9955318466998127
3,Parabolic,89,0.20434174998687926,-0.005201332744516486,0.2043417638558253,-0.0054000774075225536,-0.1699079216371218
3,Parabolic,90,0.1419519564068537,0.030796682647003304,0.14195196805393345,0.030624827398520713,-0.014603395392402962
3,Parabolic,91,0.440153192722854,-0.08267559568445126,0.44015320672771663,-0.0829425385837762,0.04805646989105949
3,Parabolic,92,1.826415992702167,0.31765163318078726,1.8264160050699347,0.31748199540903627,0.23125190652813288
3,Parabolic,93,0.3188467952583335,0.006404948664805607,0.3188467982902638,0.0063334273532823435,0.19315522244070357
3,Parabolic,94,3.7236448317399766,-0.26994217791943814,3.723644831416837,-0.26995355430892504,-1.6615872480745013
3,Parabolic,95,0.513388865340674,-0.1265313594959953,0.513388859657585,-0.12651744503534543,0.46799075572483945
3,Parabolic,96,0.5982606235891341,-0.05440963018194279,0.5982606150541969,-0.05439613854202073,0.4748174720399474
3,Parabolic,97,0.31967281763495276,0.03381989366669058,0.31967281175783535,0.0338255564814373,0.1920368894590565
3,Parabolic,98,1.2425335592375197,0.5766098569450894,1.2425335498395036,0.5767017615413494,-0.23597632094178206
3,Parabolic,99,0.3528756316739957,-0.01729623992492392,0.35287562606891765,-0.017302894375601396,0.30361649871776936
3,Parabolic,100,0.2853711018007499,-0.08541619187358894,0.2853710978769731,-0.08540727742066431,0.2668050988693441
3,Parabolic,101,4.6144847705713055,-0.6207542034189348,4.614484760404896,-0.6208112536975248,-2.280155436490939
3,Parabolic,102,0.5431571697719149,-0.21166688877038273,0.5431571685410681,-0.21164297415136318,0.5972957792369521
3,Parabolic,103,4.840072541720613,-0.9599548830671262,4.840072543404679,-0.9599709702668087,-2.144836173476517
3,Parabolic,104,0.3359605438173398,-0.21498552566410095,0.33596054626336364,-0.21488442196371305,0.206105899480025
3,Parabolic,105,0.3359605438173427,-0.2149855256719071,0.3359605462633627,-0.2148844220444835,0.20610589960986825
3,Parabolic,106,0.3359605438173412,-0.2149855256764095,0.335960546263364,-0.21488442198814686,0.206105899470102
3,Parabolic,107,0.3359605438173413,-0.2149855256514654,0.33596054626336264,-0.2148844220114337,0.2061058995168209
4,Parabolic,0,1.154700538379252,-0.8164965809277258,1.1547005383792512,-0.8164965809277263,1.1102230246251565e-16
4,Parabolic,1,1.154700538379252,0.4082482904638632,1.1547005383792515,0.4082482904638628,0.7071067811865476
4,Parabolic,2,1.1547005383792515,0.40824829046386346,1.1547005383792515,0.4082482904638628,-0.7071067811865475
5,Parabolic,0,1.0289918329338703,-0.6015009550075447,1.0289918329338699,0.6015009550075437,0.6323971037968561
5,Parabolic,1,1.3795336668324194,0.973248989467731,1.3795336668324198,-0.9732489894677305,0.2030227528028109
5,Parabolic,2,1.3795336668324203,-0.9732489894677293,1.3795336668324194,0.9732489894677295,0.20302275280281612
5,Parabolic,3,1.02899183293387,0.6015009550075462,1.02899183293387,-0.6015009550075473,0.6323971037968532
5,Parabolic,4,1.6410022288947663,7.771561172376096e-16,1.6410022288947659,3.497202527569243e-15,-1.1344386512252134
6,Parabolic,0,0.3533910925901517,0.7048388016225564,0.3533910923438184,0.7048387237052123,-0.2451892140965598
6,Parabolic,1,0.543689887672632,1.5379542604675236,0.5436898883094075,1.537954533119843,-0.7232640822321886
6,Parabolic,2,0.5601296391788848,1.6539576204829949,0.560129638922052,1.6539575266229756,-0.8058523309932553
6,Parabolic,3,0.49855845685411204,1.3957293458277222,0.49855845734627424,1.3957295701316683,-0.6628260038872719
6,Parabolic,4,0.5601296391924822,1.6539576351120782,0.5601296390253467,1.6539575240220659,-0.8058523481989828
6,Parabolic,5,0.560129639186747,1.6539576275178818,0.560129638858731,1.6539575196267675,-0.8058522124554194
6,Parabolic,6,2.2234562370246738,1.9550865695232282,2.2234562368288846,1.9550864593876374,-0.2714328710886245
6,Parabolic,7,1.6693482848064676,0.721825980450137,1.6693482848669774,0.7218260479098455,0.8417132903958682
6,Parabolic,8,0.4818676741430097,0.4818397021405778,0.48186767401531794,0.48183965389048933,0.5389122846957273
6,Parabolic,9,0.7336671472579501,0.810105430858274,0.7336671471750162,0.8101055292223915,0.4852353844741024
6,Parabolic,10,1.3701364531799778,0.8559704432330764,1.3701364527923665,0.8559701250337711,0.8593408183684645
6,Parabolic,11,0.43505550711326113,0.279364075132375,0.4350555073051402,0.27936424345793964,0.6020842616246292
6,Parabolic,12,2.0364637343022616,0.528503472283904,2.0364637345447454,0.5285035929958953,1.5832320316506745
6,Parabolic,13,1.1873056910873063,-0.11049337264207364,1.187305691637358,-0.11049308743716883,0.7498813228242227
6,Parabolic,14,1.0346059608911222,-0.021806499530053355,1.034605960319107,-0.02180686489659793,1.239505131022627
6,Parabolic,15,0.9001472993891346,-0.003254695879390368,0.9001472994058052,-0.0032546525087800565,1.0912148613814507
6,Parabolic,16,0.9001472993956807,-0.003254690025133053,0.9001472993979402,-0.0032546445777242583,1.0912147256950415
6,Parabolic,17,3.0771754668627405,-0.5195714253438463,3.077175466511107,-0.5195715361191839,0.512950686825028
6,Parabolic,18,0.6207799786060215,-0.2901869774237697,0.6207799785746355,-0.2901870361658047,-0.027729560188820113
6,Parabolic,19,1.783696663036972,-0.9185383519585565,1.783696664351332,-0.9185377970767302,-0.6254455992940973
6,Parabolic,20,1.2417128159400739,-0.5735968003328965,1.241712816496737,-0.5735965738215455,-0.25290103957017024
6,Parabolic,21,1.7133952702062163,-0.8698145266189632,1.7133952707182445,-0.8698144019388121,-0.6199621694922879
6,Parabolic,22,1.8663216439665686,-0.9907128943330019,1.8663216421844895,-0.9907135044949126,-0.8149008758628089
6,Parabolic,23,1.1218063962345473,-0.6032045026953786,1.1218063948905714,-0.6032049977141265,-0.6700564352100757
6,Parabolic,24,1.4702869056508705,-0.6904424442273409,1.4702869045384324,-0.6904428932514601,-0.5686192101662932
6,Parabolic,25,2.2987597212277566,-0.7735011922314684,2.2987597215002498,-0.7735011273620392,-1.0412758048594508
6,Parabolic,26,0.7975434333931672,-0.33070665428144375,0.797543434376021,-0.3307062648811844,-0.4366583419737559
6,Parabolic,27,0.7975434334196523,-0.3307066418096839,0.797543434371534,-0.3307062624157606,-0.436658341453057
6,Parabolic,28,3.1486737883428995,-0.5347072754138575,3.1486737888946323,-0.534707088948721,-0.29352563949763455
7,Parabolic,0,0.015445338998654443,0.3652047572380974,0.015445339495011891,0.36521130971182797,0.026847624459873723
7,Parabolic,1,0.24961499773419227,2.576893566890306,0.24961499583833519,2.5768749460512783,-0.1743762708852566
7,Parabolic,2,0.24871498151532068,2.531559193826627,0.24871497984098073,2.5315430655924414,-0.16948719497265635
7,Parabolic,3,0.06204547829692936,2.3728842985650953,0.06204547775640243,2.3729013403101127,0.04502358678063979
7,Parabolic,4,0.062045478296928455,2.3728842986146663,0.062045477756395226,2.3729013402273607,0.045023586574656424
7,Parabolic,5,0.058629099373609106,2.110859014437359,0.058629099408712256,2.11087869939702,0.055020995258076466
7,Parabolic,6,0.062045478296931064,2.3728842985195966,0.062045477756414336,2.3729013404022545,0.04502358651357219
7,Parabolic,7,0.058629099373609106,2.110859014437359,0.058629099408712256,2.11087869939702,0.055020995258076466
7,Parabolic,8,0.2630493361550833,2.6670974581760136,0.2630493352170198,2.667080569667867,-0.148101050734468
7,Parabolic,9,0.02966251043333095,0.46660715740661063,0.029662511832477288,0.4666126364318249,0.04832717915445903
7,Parabolic,10,0.21633201365172475,0.625282052667648,0.2163320139170617,0.6252543618693888,-0.16618360273704705
7,Parabolic,11,3.20346987421971,1.2781361206535466,3.2034698835351563,1.2781499264672782,1.1787187377024324
7,Parabolic,12,0.3435375989093009,0.2209152045836747,0.34353759982951637,0.22091452303054873,-0.3636096731420616
7,Parabolic,13,2.348504875078072,0.28079536415010975,2.3485048733220304,0.2806796628137999,1.1831816559437769
7,Parabolic,14,1.0337444538715874,0.10187857063984512,1.0337444503275615,0.1019647619881173,0.5570863396861274
7,Parabolic,15,0.10894478063115266,0.05143373704853137,0.10894477876118074,0.05143120169172749,-0.005848789106662221
7,Parabolic,16,0.2457945862160586,0.08623867049264862,0.24579458580825037,0.08627705632238049,-0.22104032673143567
7,Parabolic,17,0.4811377194995414,0.17465149316561723,0.48113771780077463,0.17469296103441412,-0.2973913196588504
7,Parabolic,18,0.21513142242411115,0.10933281959736996,0.21513142415394992,0.10936073132236694,-0.05123788839661715
7,Parabolic,19,0.6471361924867142,0.31624061749013377,0.6471361906101732,0.3162375901927809,-0.553211030947603
7,Parabolic,20,3.176499469154469,0.28663939585504195,3.1764994741175006,0.2865938616330252,1.0243748138195863
7,Parabolic,21,0.8660191869353666,0.036892733325764995,0.8660191834524675,0.03690084231538896,0.1943629173467291
7,Parabolic,22,0.8660191869353686,0.036892733294518795,0.8660191834524631,0.0369008423277511,0.19436291744649964
7,Parabolic,23,0.5470668576780686,0.07768544638948455,0.5470668562510796,0.07769222865880865,-0.3318672090317851
7,Parabolic,24,0.5470668576780697,0.07768544638994308,0.5470668562510728,0.0776922286656655,-0.33186720859365976
7,Parabolic,25,3.385644102667933,0.11013310167566095,3.385644106584471,0.11007681731588995,1.0767252788398176
7,Parabolic,26,0.3938712229423683,-0.01441061008707089,0.3938712235970686,-0.014427657074922592,-0.3193660585556639
7,Parabolic,27,2.9797816793576954,-0.2118257219564484,2.9797816885089308,-0.2119043247814091,0.9975688412215447
7,Parabolic,28,1.7125398457920336,-0.23826956848906342,1.7125398446583875,-0.23826756990883122,1.018769437205933
7,Parabolic,29,1.5443941905970913,-0.2565381251730816,1.544394189566083,-0.25648266502333483,0.6614596979071772
7,Parabolic,30,0.7726791444456564,-0.15152484482480766,0.7726791441335317,-0.1514997341927133,0.32841216120855277
7,Parabolic,31,0.7433765164184842,-0.16187765174912144,0.7433765155203309,-0.16188206067569108,0.17529315272381824
7,Parabolic,32,1.2433905501975298,-0.19371412026089344,1.2433905508047511,-0.19371382404760393,-0.23432765986932425
7,Parabolic,33,3.482649530387813,-0.1281552346247357,3.482649535520177,-0.1283118362875933,0.15607884072067757
7,Parabolic,34,0.3345069072505734,-0.04393207222748364,0.3345069066064466,-0.04391828609424546,-0.21791499268913805
7,Parabolic,35,1.9233785461953208,-0.18161065478347785,1.9233785429192227,-0.18159188282947802,1.2599633776893788
7,Parabolic,36,0.5703317132821007,-0.1027601033460337,0.5703317091961603,-0.10275503923232988,0.11802527641924837
7,Parabolic,37,1.8202578935754603,-0.2148778888465176,1.820257889962387,-0.21482244404302742,0.867679680991127
7,Parabolic,38,1.7127636326145323,-0.18909734857305238,1.712763629024624,-0.18904134758356989,1.0660903008425384
7,Parabolic,39,0.6489813291176532,-0.07669169383631491,0.6489813277794649,-0.07666727469026755,0.28661992119165447
7,Parabolic,40,3.3019438518629203,-0.023313470720825832,3.3019438446414178,-0.023321906419610974,-0.034023738778291124
7,Parabolic,41,0.5963758608725723,-0.059257574005544475,0.5963758586606169,-0.0592046725234498,0.39988511357656303
7,Parabolic,42,0.8625968952372063,-0.06595903827248578,0.8625968943470408,-0.06587065015595084,0.33067058068545385
7,Parabolic,43,0.8278454563986476,-0.05859410153701355,0.827845456325567,-0.05852630621356167,0.40329393489328136
7,Parabolic,44,3.74082302550255,0.004786503282828106,3.7408230207709954,0.004749298968769973,-0.022354302771212087
7,Parabolic,45,2.149633295282859,-0.12884587088145366,2.149633296179365,-0.12885226376720768,1.2361111179132585
7,Parabolic,46,1.9275039026422949,-0.17717261935201614,1.927503901223764,-0.17715336470731413,0.894485453729124
7,Parabolic,47,1.095174895909498,-0.12309788360722354,1.0951748933888301,-0.12303870759094995,0.49930654310918465
7,Parabolic,48,0.19973296349809755,-0.04249243130639776,0.19973296118634576,-0.04248492503920792,-0.20584836498280257
7,Parabolic,49,2.132746503171969,-0.17673779221853567,2.1327465016572007,-0.17671158513200116,0.8396772295291116
7,Parabolic,50,1.5632240984861658,-0.09754774977829916,1.5632240998149498,-0.09749490803487362,1.0145266854069508
7,Parabolic,51,1.759249224556347,0.14352768234946364,1.7592492239760507,0.14350415050405588,-0.5067360094964439
7,Parabolic,52,3.605912191274312,0.06462969809333566,3.6059121892427948,0.06463097683228183,-0.16138332466676863
7,Parabolic,53,0.6120403961426586,-0.041363219869442275,0.6120403954675047,-0.04133481565459218,0.41407156652743105
7,Parabolic,54,0.8117860230444272,-0.027661427485560625,0.8117860233499957,-0.02769798942272938,0.36416406010133484
7,Parabolic,55,3.4278717342545892,0.10975852283331342,3.4278717350884147,0.10988654770526954,0.2740289107566113
7,Parabolic,56,1.1792952257331006,-0.043798169846835336,1.1792952229679714,-0.04381759133201708,0.6224295159011207
7,Parabolic,57,1.1480060334952829,-0.04669396921600609,1.1480060309519247,-0.04673335917425851,0.6117788384417983
7,Parabolic,58,0.9228074401609274,-0.02314472999392641,0.9228074374204736,-0.023132589766500875,0.35672974618741127
7,Parabolic,59,0.5369596119655099,0.023487693622899406,0.536959611784956,0.023461194845395147,-0.05831016074845449
7,Parabolic,60,3.1479293584110373,0.12261374421508564,3.147929359942498,0.1226674071236695,-0.8740437644630427
7,Parabolic,61,0.4858545379531747,-0.009733806391594782,0.48585453812145063,-0.009797403115386566,0.33243482348277376
7,Parabolic,62,0.3024214414289361,-0.02498760317373534,0.302421441550091,-0.025014246728606623,0.17359523869379023
7,Parabolic,63,4.401634395310163,-0.16674555598360788,4.401634397391703,-0.16675120247463396,-1.4608046566329986
7,Parabolic,64,1.3417591545489784,-0.22031930577992317,1.341759150798932,-0.22027745371586072,1.0580895369390764
7,Parabolic,65,0.4895017200944047,-0.1064206697858961,0.4895017174112867,-0.10640754807189198,0.17174394281740107
7,Parabolic,66,1.09556881845509,-0.20192252364228422,1.09556881516667,-0.20191395433896428,0.7205377677121346
7,Parabolic,67,0.4959944324381551,-0.11715727655390644,0.49599443288978096,-0.11718416807108917,-0.13695666631609685
7,Parabolic,68,1.1768955419464668,-0.2379292434166868,1.1768955435740918,-0.2379614526106176,0.5727933682120501
7,Parabolic,69,0.749480028989278,-0.15032015853815817,0.7494800308427632,-0.15031546969926815,0.6055539709680754
7,Parabolic,70,0.43052769973197674,-0.10952744536185963,0.430527703641378,-0.10952408342432024,0.07932384476798321
7,Parabolic,71,0.7051570073738314,-0.13693000214358003,0.7051570125087206,-0.1369697661587159,0.29756788625528247
7,Parabolic,72,0.31133003369298334,-0.05449619687262374,0.31133003550564425,-0.054501769452445184,0.26068922177166826
7,Parabolic,73,4.326305333872536,-0.2474018865807629,4.326305342138421,-0.24751540557729074,-1.993544494913004
7,Parabolic,74,0.8678090815767308,-0.1026648504846758,0.8678090787181862,-0.10262193587747513,1.037560283013506
7,Parabolic,75,4.224917936677056,-0.14779901949930613,4.2249179359807485,-0.14789725693226452,-1.8567117069937233
7,Parabolic,76,0.6001118002461698,-0.06757540942024054,0.6001117972435437,-0.06753697585479213,0.7309485901692844
7,Parabolic,77,5.473599979467041,-0.32882270014358933,5.473599972536437,-0.3286304113416302,-2.8924918087539697
7,Parabolic,78,0.33868803118843976,-0.04658776950350149,0.33868802882477994,-0.046571072379901844,0.44531257144445224
8,Parabolic,0,0.005238685957182853,-0.009625802921138907,0.005238685213899184,-0.009626685233955233,0.007611015641377412
8,Parabolic,1,0.09141190791572412,-0.091358276564462,0.09141190617208936,-0.09136023353733784,-0.06925067764153853
8,Parabolic,2,0.07720471660634491,-0.06694129828857476,0.07720471633324365,-0.06694158585976494,-0.09994332280442161
8,Parabolic,3,0.07800557800126776,-0.06945135539816677,0.07800557726742247,-0.0694519678417215,-0.10345047717842862
8,Parabolic,4,0.014775407515158202,-0.026333252400207834,0.014775405549160662,-0.02633574597039587,0.02842628967408936
8,Parabolic,5,0.08840446407771235,-0.08911540963161281,0.08840446127287108,-0.08911808967697038,-0.08596385767723613
8,Parabolic,6,0.005682438801758714,-0.011604158414374382,0.005682437332115535,-0.01160586891778237,0.007582126429096036
8,Parabolic,7,0.01075066578020938,-0.02101635425955091,0.010750663398674566,-0.02101902055713642,0.017001268739864094
8,Parabolic,8,0.010442664448268956,-0.019910185338556756,0.010442662382659555,-0.019912608707137788,0.01793608153334407
8,Parabolic,9,0.08306306861683956,-0.0788305929288791,0.08306306692396297,-0.0788323318951704,-0.09422014548941898
8,Parabolic,10,0.0771226144830599,-0.06643473993897073,0.0771226144178096,-0.06643461394512043,-0.1005248398454206
8,Parabolic,11,0.0819143409071331,-0.07492940399858357,0.08191434020431225,-0.07493024830993464,-0.08991133496099553
8,Parabolic,12,1.0893537312972266,-0.38544299370391866,1.0893537341782296,-0.38544005359824474,1.1683686711861418
8,Parabolic,13,0.12829085873628454,-0.08198791881150852,0.1282908679564591,-0.08197310088693704,-0.23375891564546475
8,Parabolic,14,1.1492442497236948,-0.3927682951891481,1.149244268692895,-0.39273659148076545,0.9590291145310585
8,Parabolic,15,1.6820705181010598,-0.6139723153680496,1.682070626253498,-0.6137682474586884,1.0521129106130702
8,Parabolic,16,1.3221798099655158,-0.5922652289158723,1.3221798814935286,-0.5921415576439548,0.9482834394938505
8,Parabolic,17,1.3221798099655184,-0.5922652289140593,1.3221798814935237,-0.5921415576382572,0.9482834394765597
8,Parabolic,18,0.40667227971625686,-0.3639299720223742,0.4066723655519848,-0.36377416456923883,-0.35907480297589245
8,Parabolic,19,0.26334185767935103,-0.2510304363967311,0.26334191316784206,-0.2509352522036171,-0.12485527541751043
8,Parabolic,20,2.5064135169786352,-1.4047710261467132,2.5064135793220146,-1.4046351006505307,0.44149550975061
8,Parabolic,21,2.005433261109026,-0.91921026345068,2.0054332756964417,-0.9191701828313368,0.8713821372986056
8,Parabolic,22,1.7540181584832677,-0.6834910792667017,1.7540181854086825,-0.683445134645327,1.050099005917923
8,Parabolic,23,1.4822283763323223,-0.7425548745791011,1.4822283826017326,-0.7425574519112911,0.8638703162465837
8,Parabolic,24,0.21282271348167348,-0.20363678878035302,0.21282271261024877,-0.20364142262261858,-0.16713891305245598
8,Parabolic,25,2.231399470889566,-1.1902363221911179,2.2313994562550743,-1.190275627891838,0.6574948053874675
8,Parabolic,26,0.17619469729353282,-0.19332443910708424,0.1761946874293695,-0.19335868264518252,-0.13111554740926934
8,Parabolic,27,0.8430916880593966,-0.6447439739469525,0.8430916743329716,-0.644737102391679,0.5363240733506973
8,Parabolic,28,1.8135175344209833,-0.8529594752086467,1.8135175159240562,-0.8530617955639521,1.0792354634247374
8,Parabolic,29,0.19009356902846936,-0.24052824491554722,0.190093531807436,-0.24063871791652078,-0.13458480413820825
8,Parabolic,30,0.19009356902847047,-0.2405282449144047,0.19009353180743516,-0.24063871791997168,-0.13458480413221316
8,Parabolic,31,0.19009356902846752,-0.24052824491415153,0.19009353180743538,-0.24063871791430466,-0.1345848041417717
8,Parabolic,32,1.123313619425414,-0.949027976601246,1.1233135972747799,-0.9490829039532649,0.4164408963395583
8,Parabolic,33,1.9892042454973295,-0.9550357999052725,1.9892042383969193,-0.9550556577569997,0.9231070898150454
8,Parabolic,34,2.6492525107193234,-1.5179696828551226,2.6492524787480427,-1.5180049764993475,0.5250358330094705
8,Parabolic,35,0.26798862564268167,-0.25689116397103623,0.2679886068868968,-0.2568973001854672,-0.15933638306832176
8,Parabolic,36,2.0269870688200546,-0.9202387267118759,2.026987033112322,-0.9202174167069939,0.9255531081387091
8,Parabolic,37,1.284081987348821,-0.5156783360114922,1.2840819615736878,-0.5157011845227231,0.8854549912009493
8,Parabolic,38,1.2840819873488194,-0.515678336014174,1.2840819615736891,-0.5157011845230444,0.8854549912002435
8,Parabolic,39,1.9414831183980463,-0.8119680463718826,1.9414830870445536,-0.8119524152358519,0.8466880393280105
8,Parabolic,40,1.952082627999358,-0.8351643212666318,1.9520825953360719,-0.8351568532875429,0.8456152631272945
8,Parabolic,41,1.3100614581992016,-0.5650200846045395,1.310061431975431,-0.5650426760656144,0.9222453754352972
8,Parabolic,42,1.4536570847613421,-0.7097085804108383,1.4536570502841082,-0.7097266569297611,0.8574490163752808
8,Parabolic,43,2.300138558378578,-1.1713080336862511,2.3001385188750376,-1.1713356157704669,0.6198229868613577
8,Parabolic,44,1.2494359148143501,-0.5242409741347296,1.2494359060978382,-0.5242670243667666,1.0440167295980658
8,Parabolic,45,2.3478607029123504,-1.1578872434381693,2.347860707826383,-1.157951795655457,0.5944860486099512
8,Parabolic,46,1.827464335246612,-0.691749701250042,1.8274643616356896,-0.6917685168686849,1.067083246620105
8,Parabolic,47,0.2119125572070144,-0.14552820544696138,0.21191256318206264,-0.14555771253095556,-0.21776670115947377
8,Parabolic,48,1.8702819422042756,-0.6896409357227802,1.8702819748311548,-0.6896846964528731,0.9150710907585551
8,Parabolic,49,1.6562866184028158,-0.5347805918925086,1.656286644196731,-0.534802827710976,1.1408318325804825
8,Parabolic,50,0.44318008130437186,-0.32217394881097733,0.44318009139391107,-0.32223321140133115,-0.3887487208920037
8,Parabolic,51,1.8587957921427123,-0.6757704904732457,1.8587958222755372,-0.6758127894047459,0.8881934098382475
8,Parabolic,52,1.908707693029695,-0.7875164751961183,1.9087077118244062,-0.7875566210895564,0.9798203513263106
8,Parabolic,53,0.19618588415830673,-0.18469780521918325,0.196185881695843,-0.1847274291884931,-0.18132013714998385
8,Parabolic,54,1.5146175871685927,-0.9656461650016275,1.514617595633236,-0.9655742419070482,0.6707032541268968
8,Parabolic,55,1.3095076135794832,-0.8789626876844804,1.3095076224489355,-0.8789589031767789,-0.4796181096670683
8,Parabolic,56,0.10032863567858105,-0.09728270209277118,0.10032863389194065,-0.09726986886148623,0.032310410329826525
8,Parabolic,57,0.4411664364238108,-0.04433498037939967,0.44116644644624947,-0.04427300874344083,0.18539741950096816
8,Parabolic,58,0.3482243764501591,0.04544484140609682,0.34822439161306645,0.045503034303996596,0.15247638133658847
8,Parabolic,59,0.04098686643670327,0.01001699404441065,0.04098686297791812,0.010026834531689718,-0.03149670086454982
8,Parabolic,60,0.36697162915041415,0.049674620215721554,0.36697164156361217,0.049732886342508165,0.13408019014989314
8,Parabolic,61,0.3458754763444672,0.04439059091369866,0.3458754901687796,0.04444225646841818,0.14902181627795408
8,Parabolic,62,5.227180009961867,0.41605641598091614,5.227179918463877,0.41593558878177683,-1.6762045275208435
8,Parabolic,63,1.5566740950547233,-0.052999310393293725,1.5566741095088497,-0.05295207877926014,1.1756055116753237
8,Parabolic,64,0.11696667307430067,-0.002167433255966588,0.1169666668527495,-0.002165953466650876,-0.12267386819204522
8,Parabolic,65,0.4843236484906148,0.03245491373095799,0.48432365720746706,0.03250154101272311,-0.059045858429929224
8,Parabolic,66,1.5503342298733815,-0.05279199360911871,1.5503342432385865,-0.05274915315551332,1.1604668519790358
8,Parabolic,67,2.6303153174844613,1.7500269996424467,2.6303152737692597,1.7500605829567717,0.7134917539394996
8,Parabolic,68,1.6079223683042128,0.14238214608918556,1.6079223791649753,0.14242918006754787,1.193867604401201
8,Parabolic,69,0.678141097018189,0.39464368326186705,0.6781411116245466,0.3946989159538646,-0.12885112507599333
8,Parabolic,70,2.3677348974766312,1.437300296501464,2.367734871304506,1.4373548838365098,0.9414034990239579
8,Parabolic,71,0.22661109859300005,0.16367403429498434,0.2266110907061183,0.16367846262795424,-0.23701745491226411
8,Parabolic,72,1.5864918589871888,0.11621137035317489,1.5864918673306732,0.11625446473244216,1.2159049154409323
8,Parabolic,73,0.23276576139225025,0.17622014604307135,0.23276575568523844,0.17622019438739628,-0.22673245327174885
8,Parabolic,74,2.4751301265817522,1.5563746872385538,2.475130104796003,1.5564182774875635,0.8478174417327955
8,Parabolic,75,1.2683042380335767,0.05819859973052874,1.2683042401669096,0.05817647949726032,0.9945959365748864
8,Parabolic,76,0.20436518928444308,0.16211144690406132,0.20436519379550494,0.16209966925867528,-0.2234804780624281
8,Parabolic,77,2.2977450296832838,1.480397901540293,2.2977450199909604,1.4804307926447449,1.0395703998771697
8,Parabolic,78,1.609969592096326,0.8164836421759588,1.6099695852029157,0.8164668144900318,0.9885087875712318
8,Parabolic,79,0.5243464658786894,0.3065588410545574,0.5243464698495862,0.3064912063808448,0.34094806042536324
8,Parabolic,80,0.8759859522643089,0.8566965526902559,0.8759859697755756,0.8566283310228322,0.138242144954344
8,Parabolic,81,0.85433914526582,0.8473484334917756,0.8543391611217634,0.8472639978101137,0.18722340304441742
8,Parabolic,82,0.124976036081463,0.20836312375399207,0.1249760426848437,0.20836769191937354,-0.05583946856621654
8,Parabolic,83,1.3264171308890715,1.1303869261489512,1.3264171584215028,1.1303397018765216,0.3210295278999713
8,Parabolic,84,1.0072435556837043,0.9970569325892091,1.0072435937782462,0.9970836752613583,-0.2558628665612021
8,Parabolic,85,2.009035048150661,2.3136972122109443,2.00903504789775,2.313668437163941,0.09454134066377078
8,Parabolic,86,1.6384241833515645,1.8923735340364607,1.638424197366465,1.8923909039281759,0.2862578355012786
8,Parabolic,87,0.6137344909828728,0.5589279423589346,0.6137345064185862,0.5588666806705371,0.3210652100760397
8,Parabolic,88,0.5479473988853587,0.45273481442036523,0.5479474140686583,0.45267812974476157,0.3677553415943099
8,Parabolic,89,0.6456190376146664,0.6093909197935602,0.6456190605498573,0.6093407989824038,0.2753265950381504
8,Parabolic,90,0.588250606525737,0.5294783836722342,0.5882506209010647,0.529409534298508,0.3705136669975432
8,Parabolic,91,0.10326905770230957,0.1731644531445854,0.1032690690963205,0.1731673454749797,-0.08227333368193387
8,Parabolic,92,1.213732103949704,1.1141304472575368,1.2137321639560916,1.1141400722295702,0.3782919002861496
8,Parabolic,93,0.5967549561865801,0.5594192469731714,0.5967549559635418,0.5593610639894386,0.41090539277633314
8,Parabolic,94,0.06393653693840937,0.10963807477401158,0.06393654688002587,0.10963999515240402,-0.05565359122496211
8,Parabolic,95,0.518899092572053,0.4812172795618898,0.5188991222462025,0.48127405389692424,0.09566001933896759
8,Parabolic,96,1.952872080855006,2.3683188659226606,1.9528720857365602,2.3682884960807944,0.07175476732650342
8,Parabolic,97,0.9788278818222085,1.5108626427526544,0.9788278499696609,1.5108278050360178,0.31193355117267313
8,Parabolic,98,0.8231567100691559,1.1514274938294207,0.8231566732487066,1.1513724723651364,0.344153089645422
8,Parabolic,99,0.4742068194998839,0.36589835802251724,0.47420682069488945,0.36585240539249747,0.39908630414923246
8,Parabolic,100,0.7878922400148114,1.085131185447803,0.7878922306511783,1.0850947738775165,0.253462413618716
8,Parabolic,101,0.7532072779821621,1.0135316016353004,0.753207268857913,1.0134884249150458,0.29960891078527174
8,Parabolic,102,0.6574469642882629,0.7660982229519937,0.6574469436079291,0.7660448013947148,0.36938790240513175
8,Parabolic,103,0.6401663897674446,0.7551377957900102,0.6401663982795984,0.7550977606036091,0.28881790903933635
8,Parabolic,104,1.3295689118085292,1.5554689260252272,1.3295689390026104,1.5555046780347939,0.36706548460190574
8,Parabolic,105,2.0855357803627212,2.7109163104448166,2.0855358000978947,2.7109301358567857,-0.0873815008946673
8,Parabolic,106,0.706300125407294,0.8061274457425766,0.7063000720793096,0.8060659702623878,0.3938850336021207
8,Parabolic,107,0.48247068156733297,0.31286306030999456,0.48247066784070136,0.3128089953195675,0.3650255369208094
8,Parabolic,108,1.048948331457371,0.9270459037263024,1.0489482943892439,0.9270461415474227,0.513550380824906
8,Parabolic,109,0.4773594906739861,0.287480009718589,0.4773594731733766,0.28742184721867226,0.37151938048122857
8,Parabolic,110,0.6171128643431438,0.5651816153883737,0.6171128279388437,0.5651298356272711,0.3347735007336136
8,Parabolic,111,0.5343834488784277,0.4494260920860389,0.5343834185248326,0.44936928818725613,0.44403038825676433
8,Parabolic,112,2.0439815934876093,2.4641474553641523,2.04398161217303,2.464150298239147,-0.1463887031421623
8,Parabolic,113,6.6635739689786355,1.2360485472102458,6.663574026277732,1.2362549303111052,-4.229914220585428
8,Parabolic,114,0.4315597574004316,0.11862049750149457,0.43155974754793514,0.11856399370969091,0.3993389483338541
8,Parabolic,115,0.8668833709369548,-0.11051142100040343,0.8668833555440949,-0.11051988090561396,0.5953391533450343
8,Parabolic,116,0.9045471006845004,-0.14205484660762407,0.9045470735985189,-0.14207479501294262,0.5998088609929864
8,Parabolic,117,0.49637888343850617,-0.2493771111415212,0.4963788690342439,-0.2493275424175755,0.15117577074171257
8,Parabolic,118,0.11008382024711946,-0.033789867242848534,0.1100838084013166,-0.033783846264932284,-0.11884698936209565
8,Parabolic,119,0.5199700854078182,0.0708298720564502,0.5199700604671921,0.07077011079481173,0.33104811638590514
8,Parabolic,120,0.8985803020327464,-0.13883316296500023,0.8985802776630584,-0.13885202665997287,0.585132361184916
8,Parabolic,121,0.8897435130370408,-0.16688690539020135,0.8897434853218843,-0.16692903049721564,0.5883962633431087
8,Parabolic,122,0.3569367243851953,-0.22366379322364627,0.3569367217138067,-0.2236321741047315,0.3046404022131575
8,Parabolic,123,5.338586630401916,-1.9557183168945984,5.338586612196568,-1.955803342833454,-3.3611216849780794
8,Parabolic,124,5.151742419844226,-1.9268578111623198,5.151742418262941,-1.9269586106950614,-3.1254984220181745
8,Parabolic,125,0.3144282617762176,-0.2305951495121607,0.314428266636326,-0.23057291575919667,0.3122144093801187
8,Parabolic,126,0.3348408006938431,-0.2616618445446389,0.33484080573860986,-0.2616431476449167,0.28364796837591877
8,Parabolic,127,0.021399163333743632,-0.03346635680229497,0.02139916396056048,-0.03346839899799194,-0.024179088653270956
8,Parabolic,128,0.038561685172542715,-0.05600333325603873,0.03856168507667202,-0.05601169391628845,-0.06357572854994722
8,Parabolic,129,0.3166381770895591,-0.23649680813824422,0.31663818254024256,-0.23647284119933837,0.3191986318615543
9,Parabolic,0,0.26443665204658384,-0.43721723021142944,0.26443665204658356,-0.4372172302114283,-0.387207883551143
9,Parabolic,1,0.9605962936231747,0.8579242042353392,0.9605962936231743,0.8579242042353395,0.6843087198797286
9,Parabolic,2,1.2581082306851517,0.1685817306428491,1.2581082306851514,0.16858173064285042,-1.0661651791052078
9,Parabolic,3,1.6426946272940701,0.22609419964921762,1.6426946272940701,0.22609419964921645,0.955913683577525
9,Parabolic,4,1.3711183161339315,0.4012917644315114,1.3711183161339315,0.40129176443151104,-0.4336063447696064
9,Parabolic,5,1.3711183161339315,0.4012917644315114,1.3711183161339315,0.4012917644315108,-0.43360634476960624
9,Parabolic,6,1.9669306955630226,-1.4148158590544775,1.9669306955630226,-1.4148158590544777,0.2440009295045665
9,Parabolic,7,0.5414642669299955,0.7210215868735625,0.5414642669299954,0.7210215868735627,-0.13806500012827572
10,Parabolic,0,1.5852563374932802,0.999999999999999,1.5852563374932798,1.0000000000000002,-0.5868865297754033
10,Parabolic,1,2.1837955296834837,1.1102230246251565e-16,2.183795529683483,0.0,0.8112844943690725
10,Parabolic,2,1.9180383495061668,0.9999999999999993,1.9180383495061664,1.0000000000000002,-0.047916948043177476
10,Parabolic,3,1.6522811693288502,-1.0880418858129078e-15,1.65228116932885,3.591734736424163e-16,-0.9071183904554276
10,Parabolic,4,1.9180383495061664,-1.0000000000000002,1.9180383495061664,-0.9999999999999997,-0.04791694804317792
10,Parabolic,5,2.1837955296834832,3.3306690738754696e-16,2.183795529683483,1.6653345369377348e-16,0.811284494369072
10,Parabolic,6,1.5852563374932798,-1.0000000000000007,1.5852563374932798,-0.9999999999999997,-0.5868865297754037
