File_Name,Sweep,Segment_Type,Burst_Type,Duration,Num_Peaks,Mean_ISI,Mean,Std,Min,Max,Skewness,Kurtosis,Area,Mean_Deriv,Std_Deriv,Min_Deriv,Max_Deriv,Skewness_Deriv,Kurtosis_Deriv,UMAP1,UMAP2
cell104basal.abf,0,Burst,Square Wave,0.485100000000001,21,0.023215,-45.21416,11.253597,-54.476,39.903,3.9016275,17.23568,-21.940893,-41.515114,23562.69,-175440.02,249871.02,1.4582908,27.038786,5.366174,1.1631292
cell104basal.abf,3,Non-burst,Non-burst,0.0369,0,0.0,-46.932163,6.1251817,-49.879,25.049,8.287863,82.75482,-1.7352843,2011.084,15700.379,-7509.9946,212335.0,9.466937,104.30243,7.165238,1.100579
cell104basal.abf,3,Burst,Square Wave,0.19790000000000002,2,0.121,-48.66206,7.717728,-55.196,28.927,6.478146,52.541927,-9.637561,-3.1581292,16193.118,-131346.3,203899.0,2.4749725,71.410995,6.5177436,1.1837909
cell104basal.abf,3,Burst,Square Wave,0.5168999999999997,18,0.028382352941176466,-45.168232,10.008901,-57.51,39.778,4.6708255,24.996618,-23.35513,-31.822367,22741.29,-171060.0,253933.0,1.1481105,30.451172,5.363015,1.1634415
cell104basal.abf,4,Burst,Square Wave,0.3454000000000006,15,0.020857142857142855,-44.299873,11.109192,-57.666,40.935,4.152946,19.492653,-15.30887,-47.984962,25595.104,-172305.98,301779.0,0.96457696,24.85715,5.3696947,1.1525273
cell104basal.abf,4,Burst,Square Wave,0.5078000000000031,18,0.026970588235294118,-45.27357,10.166938,-58.917,40.154,4.7719593,25.687923,-22.997723,-29.129578,23743.086,-174502.0,307718.03,1.2063353,32.01003,5.167662,1.0113488
cell104basal.abf,5,Burst,Other,0.49599999999999866,18,0.026805882352941176,-45.219494,10.141856,-57.729,41.217,4.8308697,26.160479,-22.431911,-43.575317,24078.668,-188886.98,247368.0,0.9906968,28.914864,5.2649446,1.1210775
cell104basal.abf,6,Burst,Square Wave,0.9392999999999999,26,0.035616,-46.400772,9.162523,-57.353,38.09,4.99718,29.954052,-43.5869,-24.607132,19957.852,-165427.0,224539.0,1.193139,37.41219,4.6851363,0.8414334
cell104basal.abf,7,Burst,Square Wave,1.1753999999999998,28,0.04174074074074074,-47.274067,8.73145,-56.259,37.589,5.1636996,32.950363,-55.569065,-10.722374,18475.268,-165739.0,263622.03,1.4430008,45.839405,4.577534,0.81563896
cell104basal.abf,7,Burst,Square Wave,1.3525999999999998,28,0.04487407407407407,-47.13135,8.038238,-56.634,37.183,5.9029336,41.483234,-63.757774,-7.65266,17371.955,-157610.0,251430.02,1.5658536,51.02689,4.5660872,0.8002844
cell104basal.abf,7,Burst,Square Wave,0.6871999999999989,23,0.02651818181818182,-45.16558,9.562037,-58.479,37.433,4.798556,26.189291,-31.04084,-20.026197,21319.725,-168555.0,268627.28,1.0746907,32.25214,4.9322944,0.90894306
cell104basal.abf,8,Burst,Square Wave,0.7101,22,0.030419047619047616,-45.102867,9.148232,-56.384,35.15,4.984247,28.430145,-32.034954,-17.263765,20395.994,-166680.0,259560.0,1.1421844,34.313515,4.9224167,0.90763956
cell104basal.abf,8,Burst,Square Wave,1.2001999999999997,30,0.03724827586206897,-46.53089,8.608946,-56.853,35.557,5.2453194,33.06382,-55.848988,-15.739506,18485.643,-158554.0,258310.02,1.3785009,43.556034,4.521544,0.7720467
cell104basal.abf,10,Burst,Other,1.0197000000000003,27,0.03496153846153846,-46.49265,8.741424,-56.196,37.026,5.5080123,34.85323,-47.416397,-9.936262,19742.15,-174190.98,243610.0,1.2793281,40.13892,4.611013,0.8113914
cell105basal.abf,3,Burst,Parabolic,0.3279999999999994,10,0.03512222222222222,-62.48971,14.074385,-71.895,45.001,3.6079054,19.10974,-20.499191,-118.07041,38145.95,-262376.0,580720.0,4.2980914,85.484886,3.7891078,7.4876175
cell107basal.abf,0,Burst,Other,0.3074999999999992,7,0.035050000000000005,-58.346573,14.078348,-74.366,46.846,3.917869,21.1834,-17.95168,-26.643923,27358.777,-163240.0,440312.0,6.605147,95.92238,3.7417579,7.4433713
cell107basal.abf,1,Burst,Parabolic,0.5858999999999996,3,0.10894999999999999,-61.766094,8.631057,-76.179,48.284,5.902042,61.87961,-36.199562,-6.8305173,16073.365,-149480.0,474710.03,14.6784315,434.26016,3.7058344,7.4198613
cell107basal.abf,1,Burst,Parabolic,0.9984999999999999,5,0.128425,-60.355972,8.329461,-76.899,47.69,4.950616,53.88807,-60.27008,-2.505008,15079.878,-154490.0,490976.03,14.665464,450.66992,3.6873715,7.4088273
cell107basal.abf,2,Burst,Parabolic,0.8668,17,0.04813125,-56.876682,13.07591,-75.366,46.69,3.6994534,21.591642,-49.310703,-8.334103,24298.018,-151670.0,476270.0,7.7600894,131.1212,3.6924257,7.4253716
cell107basal.abf,2,Burst,Parabolic,1.2389999999999999,8,0.13122857142857142,-60.48057,8.933748,-75.429,47.315,4.97665,48.559204,-74.945946,-4.265547,15896.127,-145410.0,483786.03,12.301902,330.48788,3.678228,7.3884377
cell107basal.abf,2,Burst,Parabolic,0.25009999999999977,4,0.04886666666666667,-57.370853,13.585491,-74.866,46.721,3.3488553,19.61194,-14.3585005,-28.636595,25199.48,-153860.0,446877.0,7.644919,134.13364,3.7466445,7.454142
cell107basal.abf,2,Burst,Parabolic,1.3838999999999988,7,0.16568333333333332,-59.009697,8.306533,-74.616,48.097,4.8850293,52.41203,-81.66727,-15.254368,14604.684,-139470.02,478154.0,16.287989,527.4427,3.6499493,7.3835073
cell107basal.abf,5,Burst,Other,0.8582000000000001,4,0.1688333333333333,-57.43757,8.823251,-75.304,48.879,3.793166,39.96691,-49.303345,-4.8100605,14944.559,-147920.02,458142.78,14.663496,464.83798,3.6724823,7.4025617
cell107basal.abf,6,Non-burst,Non-burst,4.5162,11,0.38578999999999997,-53.185715,4.865926,-67.204,32.742,5.617276,88.86162,-240.20174,18.155968,8096.2095,-101005.0,359320.0,20.855856,870.5893,9.051255,2.8491988
cell107basal.abf,6,Burst,Parabolic,0.7708999999999993,2,0.202,-52.746296,6.1813745,-68.205,32.117,3.9790843,50.558926,-40.66514,-4.990935,9475.928,-99758.0,346190.0,17.042198,611.8119,9.049601,2.6693664
cell107basal.abf,6,Burst,Parabolic,0.7558999999999996,2,0.2508,-53.626545,6.465509,-67.892,32.117,4.094928,49.03378,-40.54472,-4.1367908,9648.744,-104138.01,333050.0,15.86356,542.0971,9.019903,2.6039643
cell107basal.abf,6,Burst,Parabolic,0.922699999999999,3,0.24994999999999998,-53.00426,6.433755,-67.955,31.147,3.6894622,43.229053,-48.908867,-27.65879,9414.29,-94450.016,319920.0,15.024204,506.47522,8.982164,2.597088
cell107basal.abf,6,Burst,Parabolic,0.6806000000000019,2,0.2262,-51.543304,6.065357,-64.609,28.52,4.496707,52.268017,-35.088295,-2.5272002,9418.116,-84122.01,307410.03,14.633427,447.5756,9.023748,2.4758785
cell107basal.abf,6,Non-burst,Non-burst,2.2977000000000007,5,0.30495,-53.047394,5.2560215,-67.517,32.711,4.6692553,69.18134,-121.89541,0.93876487,8121.9014,-94751.01,357450.03,20.002901,834.3835,9.005378,2.6459384
cell107basal.abf,6,Non-burst,Non-burst,2.1683000000000003,5,0.36110000000000003,-53.10699,5.365642,-68.017,31.773,4.4449997,65.37982,-115.1602,1.0095409,8203.441,-100080.0,348060.0,18.441519,716.13275,8.958843,2.6350968
cell107basal.abf,6,Non-burst,Non-burst,4.1646,10,0.3596888888888889,-52.645424,5.0377793,-67.079,31.085,4.980975,75.080185,-219.2498,-1.2839491,7953.261,-98194.0,361190.0,19.054691,776.8526,8.995347,2.7689211
cell107basal.abf,6,Non-burst,Non-burst,5.222999999999999,10,0.48593333333333333,-52.16081,4.40923,-67.423,30.647,5.3334455,90.29182,-272.4399,-14.9804735,7003.8257,-90379.99,352440.0,22.720549,1132.5236,9.065497,2.877537
cell107basal.abf,7,Non-burst,Non-burst,1.212,3,0.24695,-52.232468,5.042948,-66.016,28.677,4.88406,71.96911,-63.30948,69.976074,8225.382,-91315.7,319607.0,18.93023,662.50476,8.986763,2.5741425
cell107basal.abf,7,Burst,Other,0.7178,2,0.22810000000000002,-51.628834,6.1282506,-65.015,27.551,3.7677088,43.893208,-37.061737,-5.098222,9229.113,-84435.72,327730.0,16.739786,571.3296,8.982065,2.5361657
cell107basal.abf,8,Burst,Other,0.5428999999999995,2,0.21230000000000002,-52.181515,6.6559324,-66.297,28.645,4.166357,44.681664,-28.33733,-3.6286724,10438.9,-84748.0,311470.03,13.72117,389.29236,8.979609,2.5572438
cell107basal.abf,8,Non-burst,Non-burst,2.1327999999999996,6,0.3162,-52.217896,5.42265,-66.047,28.301,4.2894444,58.412685,-111.3745,-35.014065,7977.95,-94130.0,317410.0,16.321997,639.6526,8.961002,2.607998
cell107basal.abf,10,Burst,Other,0.8224999999999998,2,0.2756,-51.24194,5.5322247,-62.889,24.33,3.7782953,44.873856,-42.14854,-9.392031,8207.201,-86003.99,296460.0,17.531567,645.01465,8.99914,2.4613764
cell107basal.abf,10,Non-burst,Non-burst,8.608600000000001,14,0.6002923076923078,-51.79828,3.8027241,-66.61,25.393,5.499059,101.82655,-445.91443,-8.722095,6114.112,-96004.0,324290.03,19.16944,905.0193,9.170545,3.1996398
cell209basal.abf,1,Burst,Other,0.09299999999999997,2,0.018000000000000002,-44.213627,11.117139,-60.387,44.907,5.228828,34.42481,-4.1206245,-33.29032,33787.23,-200145.0,397160.0,3.9231455,66.77826,6.529069,-1.8324308
cell209basal.abf,3,Burst,Other,0.05489999999999995,4,0.0095,-40.442303,16.293037,-58.354,40.842,3.123143,10.846633,-2.2281199,-105.95628,51340.914,-197012.02,358690.0,1.9845603,19.01267,2.3270335,-4.537066
cell209basal.abf,4,Burst,Square Wave,0.08689999999999998,7,0.013083333333333334,-41.153797,12.90198,-57.885,37.308,3.8292406,17.641394,-3.5839486,-37.422325,38461.793,-176062.02,333051.0,2.2986822,29.387215,3.1754098,-3.6745672
cell209basal.abf,4,Burst,Square Wave,0.08419999999999916,4,0.012000000000000002,-41.5279,13.170979,-57.885,37.496,3.7959309,17.147104,-3.4999967,-95.56465,39216.11,-169497.98,352747.0,2.4782257,30.192795,3.3380334,-3.6713047
cell209basal.abf,5,Burst,Other,0.08039999999999736,5,0.009525,-40.26079,14.1128845,-57.166,36.151,3.3670173,12.930968,-3.2402215,-89.96256,41576.973,-160736.02,296770.03,2.0806925,21.402523,3.0340602,-3.6769624
cell21basal.abf,2,Burst,Other,0.05930000000000035,2,0.013000000000000001,-45.87056,11.404551,-61.732,42.843,5.1305537,32.70853,-2.7287078,-8.431598,48999.92,-313659.0,455950.03,1.4524323,43.477303,-5.292867,6.9369183
cell21basal.abf,3,Burst,Other,0.03950000000000031,2,0.010100000000000001,-45.041473,14.080623,-62.294,43.375,4.118706,20.169508,-1.7877312,-125.898735,58988.266,-318979.0,475660.0,1.3994619,29.466057,-5.2565413,7.028485
cell21basal.abf,4,Burst,Square Wave,0.0636000000000001,3,0.012399999999999998,-45.226402,12.068195,-61.388,42.562,4.539312,25.823963,-2.8849468,-72.78272,51360.58,-300844.0,368710.03,0.78497314,27.750265,-5.293366,6.9288545
cell21basal.abf,4,Burst,Square Wave,0.040899999999998826,2,0.0104,-45.555637,13.066267,-62.076,39.81,4.247444,22.338032,-1.87164,30.562042,57110.39,-298646.4,421551.0,0.9487403,25.140106,-5.2848063,6.958782
cell21basal.abf,5,Burst,Square Wave,0.055600000000000094,3,0.01135,-45.164932,13.273789,-61.638,43.844,4.1502295,21.129786,-2.519738,-119.80227,55642.61,-309910.03,456890.0,1.3031913,30.251537,-5.2830334,6.961048
cell21basal.abf,5,Burst,Square Wave,0.07529999999999859,4,0.010799999999999999,-46.314877,12.222583,-61.356,43.531,4.496395,24.784586,-3.4907408,-298.57687,51926.863,-306777.0,416230.03,1.239169,31.18943,-5.2935424,6.9243317
cell21basal.abf,5,Burst,Square Wave,0.13349999999999795,5,0.014824999999999998,-46.67091,9.965429,-62.169,38.684,5.315507,37.004425,-6.2326374,-235.12889,42264.805,-300527.0,419049.0,1.0448905,46.090134,-5.301158,6.898922
cell21basal.abf,7,Burst,Other,0.07929999999999993,2,0.016300000000000002,-49.55825,9.4295635,-65.14,40.591,5.6744943,43.789066,-3.9325223,-380.2398,39952.363,-311780.0,432180.03,1.3211064,61.041603,-5.2909966,6.9140716
cell89basal.abf,0,Burst,Parabolic,4.2490999999999985,76,0.053472,-49.82274,9.44271,-63.17,49.191,5.7494173,45.53152,-211.7115,-0.9715175,24704.959,-194510.0,471270.0,6.655773,130.04677,7.468244,-5.750249
cell89basal.abf,1,Burst,Square Wave,1.5473999999999997,46,0.03338,-46.94587,11.092315,-61.169,49.535,5.0916405,32.608105,-72.65321,-6.1231503,31397.65,-197650.02,511300.03,4.9459352,75.10338,7.2480288,-4.322104
cell89basal.abf,2,Non-burst,Non-burst,0.0157,0,0.0,-43.448402,8.106259,-48.691,35.932,6.877391,59.816704,-0.68151283,5410.5137,35899.617,-5629.9976,389029.03,9.181559,88.48478,7.153324,1.0738422
cell89basal.abf,3,Burst,Parabolic,3.6047000000000002,46,0.07388,-49.937294,8.041492,-61.513,40.247,6.3579407,56.84566,-180.01784,0.85000485,19525.188,-151050.02,412790.0,7.2531705,166.68933,7.2563396,-4.2661405
cell89basal.abf,3,Burst,Square Wave,0.9471000000000007,14,0.06389999999999998,-48.030914,8.50696,-59.887,38.121,5.895731,48.464996,-45.49861,-1.7833452,21044.592,-144170.0,390590.0,6.5807376,141.30443,6.9969597,-1.9487593
cell89basal.abf,3,Burst,Parabolic,3.6532,57,0.062107142857142854,-49.226883,8.517675,-61.825,39.966,6.090294,50.53226,-179.84451,-0.29945835,21294.15,-167620.02,436560.0,6.508694,137.96342,7.3100886,-4.496841
cell89basal.abf,3,Burst,Parabolic,0.2768000000000015,11,0.0219,-45.686703,12.678141,-60.981,45.314,4.402168,23.305466,-12.654851,-23.728302,36630.08,-163863.02,429680.03,4.024174,50.125782,6.3176165,-2.0516713
cell89basal.abf,4,Burst,Parabolic,2.1957,97,0.021835416666666666,-44.839664,12.440227,-61.137,39.935,3.7802095,19.190872,-98.458145,-1.9370445,29333.756,-146978.02,380901.0,4.085956,53.80644,7.49841,-5.8393664
cell89basal.abf,4,Burst,Parabolic,0.6645000000000003,16,0.03934666666666666,-46.63336,10.547424,-61.325,42.749,4.8788095,31.615532,-30.996487,-9.553057,26624.324,-148550.0,410610.03,4.8969593,81.86806,6.6593375,-2.0814075
cell89basal.abf,4,Burst,Parabolic,2.439400000000001,88,0.027570114942528732,-46.286648,11.474545,-60.887,42.968,4.1583676,23.351042,-112.9202,-2.9740844,27003.621,-149795.02,430622.03,4.627428,69.94777,7.4887905,-5.815373
cell89basal.abf,4,Burst,Parabolic,2.3148999999999997,47,0.04715652173913044,-48.626793,10.603627,-63.67,41.154,3.7318952,24.67529,-112.5748,-2.9314523,22898.518,-152920.02,400910.0,5.3782988,102.676765,7.242061,-4.341842
cell89basal.abf,4,Burst,Parabolic,1.2434999999999992,17,0.0633875,-49.94429,8.32201,-61.012,41.655,6.2672687,54.698154,-62.109505,-6.086542,21067.389,-158240.0,404666.03,7.1187162,159.9553,7.057964,-2.2405698
cell89basal.abf,4,Burst,Parabolic,0.42870000000000097,18,0.022164705882352944,-44.08314,12.182692,-60.731,41.029,4.191102,21.932657,-18.90667,-13.202705,32076.33,-157300.0,378395.0,3.781244,49.262787,6.4228725,-2.0968964
cell89basal.abf,4,Burst,Parabolic,0.3202999999999996,6,0.03896,-49.246403,10.140738,-60.637,39.278,5.0006447,34.7958,-15.782309,-10.446476,25346.297,-153860.0,397470.0,5.6227174,102.115776,6.6388636,-1.8308578
cell89basal.abf,4,Burst,Square Wave,2.7342999999999975,51,0.051466000000000005,-48.751266,9.136524,-61.231,39.215,5.767849,44.090034,-133.30356,-6.8279457,23186.861,-166060.02,395905.0,5.9936695,117.2939,7.2597837,-4.3902535
cell89basal.abf,5,Burst,Parabolic,4.227800000000001,78,0.05216233766233766,-48.936127,9.151565,-61.857,43.375,5.802631,45.507187,-206.90134,0.28123966,23976.473,-186390.0,444690.03,6.0498056,119.30418,7.387207,-5.707247
cell89basal.abf,5,Burst,Parabolic,2.3597,48,0.047293617021276595,-47.849606,9.650859,-61.356,44.188,5.2719607,39.349102,-112.91968,-1.9879513,24957.473,-171994.0,436253.03,5.6962967,110.887634,7.2444353,-4.358076
cell89basal.abf,5,Burst,Parabolic,1.625,18,0.08534117647058823,-50.378265,7.5820293,-62.263,45.126,7.170111,72.399864,-81.8689,-3.3675764,20455.701,-186379.98,450950.03,8.136033,205.74155,7.2444663,-2.5408084
cell89basal.abf,6,Burst,Parabolic,4.3824000000000005,82,0.05062345679012346,-48.417458,9.218653,-61.7,46.846,5.8294997,46.33625,-212.194,-0.92755824,25023.928,-206083.0,455954.0,6.1623826,122.06095,7.4624643,-5.77009
cell89basal.abf,6,Burst,Parabolic,1.1082999999999998,14,0.0713846153846154,-49.274563,7.9334397,-61.481,47.503,6.9284596,66.54133,-54.620464,-3.7246063,22126.744,-182000.02,466899.0,7.7247047,186.56142,7.186554,-2.3961232
cell89basal.abf,7,Burst,Parabolic,3.526500000000002,58,0.05657719298245614,-48.671085,8.633945,-60.7,45.345,6.0948753,50.57115,-171.64774,-1.3656511,22638.635,-170439.98,470330.03,6.4006104,134.52336,7.3614974,-4.567046
cell89basal.abf,8,Burst,Parabolic,0.9309000000000001,19,0.04843888888888889,-47.399536,9.455535,-60.356,43.469,5.585704,41.500595,-44.13305,-5.7782454,25458.781,-160740.02,409050.0,5.516306,102.42463,6.9276357,-2.2640414
cell89basal.abf,8,Burst,Parabolic,3.6594999999999995,72,0.04753802816901408,-48.12174,9.033225,-61.169,43.343,5.6723723,43.60058,-176.10464,-6.469102,23891.014,-181380.02,402790.0,5.735525,111.68371,7.4494243,-5.7361913
cell89basal.abf,8,Burst,Parabolic,2.413599999999999,55,0.04289444444444445,-47.073357,9.48613,-60.043,40.404,5.495288,39.68002,-113.619545,-6.1806507,25947.309,-173560.98,459700.03,5.332305,95.910904,7.3054914,-4.4673967
cell89basal.abf,9,Burst,Parabolic,4.6282,94,0.0473989247311828,-47.959106,9.082437,-60.168,42.812,5.718391,43.406174,-221.97324,-0.6892393,23892.066,-176060.02,409980.03,5.737812,109.28513,7.479606,-5.8121305
cell89basal.abf,9,Burst,Parabolic,4.4533999999999985,81,0.05238,-48.313183,8.780107,-59.511,41.967,5.742392,45.057262,-215.16116,-4.283562,22048.135,-171689.98,422810.03,5.9184337,119.21068,7.4741583,-5.7807913
cell89basal.abf,10,Burst,Parabolic,5.1242,76,0.06489066666666667,-48.857,8.088721,-60.262,37.402,6.150635,52.25276,-250.36165,-7.3182155e-06,20172.227,-158865.02,410600.0,6.483535,142.91017,7.4469347,-5.736141
cell89basal.abf,10,Burst,Parabolic,2.626999999999999,38,0.0663891891891892,-48.403397,7.9121256,-60.043,39.059,6.263101,54.82674,-127.159225,-2.9997334,20516.404,-168250.02,426870.0,6.5367527,147.99062,7.2552977,-3.964364
cell89basal.abf,11,Burst,Parabolic,3.9394,71,0.05331285714285714,-47.874104,8.647119,-60.449,40.122,5.8080535,46.112892,-188.60391,-0.5556525,22633.5,-169807.0,408730.03,5.78996,117.1265,7.3460317,-5.5891385
cell89basal.abf,11,Burst,Parabolic,3.0218999999999987,48,0.06020638297872341,-48.248165,8.157554,-60.043,41.279,6.1164346,51.755016,-145.80983,-1.5003681,21502.965,-163240.0,403100.0,6.2784157,135.2057,7.2883334,-4.370913
cell89basal.abf,14,Burst,Parabolic,1.7569,12,0.14362727272727274,-50.219696,6.0350776,-60.762,45.251,8.334504,107.45093,-88.24027,-1.3347337,16984.27,-202643.02,449700.0,9.2061405,310.69943,7.422708,-2.2968445
cell89basal.abf,16,Burst,Square Wave,0.12880000000000003,9,0.0087625,-41.074272,14.455506,-58.448,39.184,3.4526281,12.776906,-5.298159,-36.172215,42317.777,-153550.0,344932.0,2.6902754,24.570477,3.096025,-3.7380865
cell89basal.abf,17,Burst,Parabolic,0.09179999999999922,5,0.013149999999999998,-42.35193,14.077836,-59.042,39.215,3.6279316,15.036737,-3.8906527,-256.44492,40775.832,-146985.0,379017.03,3.107251,31.739784,3.3975365,-3.7479672
cell89basal.abf,17,Burst,Square Wave,0.12570000000000014,7,0.012516666666666667,-42.29939,14.123284,-58.417,39.622,3.7280908,15.269749,-5.3249536,-43.2857,39797.953,-155740.0,352750.03,3.2036273,31.904083,3.3966277,-3.7107353
cell89basal.abf,17,Burst,Parabolic,0.1142000000000003,7,0.012366666666666665,-41.943676,14.612144,-59.23,39.497,3.5232327,13.680525,-4.7978272,-49.842327,41803.81,-155424.0,368701.03,2.9746723,27.612677,3.3325708,-3.803868
cell89basal.abf,17,Burst,Parabolic,0.16549999999999976,7,0.018533333333333336,-43.78317,12.546096,-59.23,39.184,4.3219876,21.429695,-7.2541876,-27.021149,36046.95,-149170.0,384337.0,3.8797438,45.370773,6.0847974,-2.1268091
cell89basal.abf,17,Burst,Parabolic,0.16720000000000113,7,0.01745,-43.95068,12.6344,-58.636,39.372,4.3513346,21.42067,-7.356655,-27.494019,35568.047,-147289.0,395909.0,3.9013586,45.70646,6.192951,-2.0520236
cell89basal.abf,17,Burst,Parabolic,0.1404999999999994,4,0.0226,-45.310707,11.607757,-59.292,38.121,4.870011,27.904114,-6.3743954,-14.469751,31562.914,-146040.02,369953.0,4.3865075,60.130867,6.261673,-1.9566005
cell89basal.abf,17,Burst,Parabolic,0.2149000000000001,4,0.03273333333333333,-46.869778,9.4344635,-59.042,38.496,5.941749,43.182423,-10.075827,-31.447859,25523.3,-147917.0,387460.03,5.578901,97.547066,6.6096253,-1.80268
cell89basal.abf,18,Burst,Parabolic,1.6095000000000002,6,0.2307,-52.34855,5.0632415,-59.949,40.498,10.172062,156.12984,-84.2642,0.38894066,12485.125,-154480.02,444690.03,14.934797,604.1326,9.237591,-0.9296945
cell89basal.abf,18,Burst,Parabolic,0.7683999999999997,2,0.2684,-52.52531,4.7866793,-59.949,41.217,10.345638,167.43626,-40.363388,-30.731485,11793.845,-154489.0,446260.0,16.584127,761.5231,9.504638,-0.9401843
cell89basal.abf,19,Non-burst,Non-burst,1.2925,4,0.26143333333333335,-52.43875,4.766503,-59.543,42.343,9.491025,156.21486,-67.7818,73.699036,11507.462,-152610.02,446260.0,17.770542,733.915,9.546205,-0.7798756
cell89basal.abf,21,Non-burst,Non-burst,0.9987999999999992,2,0.2648,-51.954376,4.5049195,-60.199,42.061,9.777756,170.74426,-51.896072,-1.6901972,10918.713,-160430.0,454700.03,18.548365,903.55994,9.588224,-0.79705065
cell89basal.abf,23,Burst,Parabolic,1.6021,18,0.08481176470588235,-49.311344,7.216122,-60.168,44.344,7.392304,76.29005,-79.01085,-2.8300083,20108.074,-175440.02,453758.03,7.856001,201.38731,7.244532,-2.5547028
cell89basal.abf,24,Burst,Parabolic,2.0411,13,0.13751666666666668,-50.92134,6.2790523,-59.98,43.187,7.2301254,88.29242,-103.94478,-1.7618165,15528.338,-169494.0,440630.0,10.532027,346.03394,7.5207753,-2.2582912
cell89basal.abf,24,Burst,Parabolic,1.6338,17,0.0935375,-50.35776,7.3321714,-59.887,41.342,6.899452,69.807396,-82.277664,-11.10239,19027.133,-165120.02,448760.0,8.258765,216.0388,7.2094584,-2.488506
cell89basal.abf,24,Burst,Parabolic,1.560599999999999,16,0.09313333333333333,-49.681602,7.105329,-60.199,44.938,7.721151,81.452675,-77.54233,-3.145565,19040.5,-172630.02,425925.0,8.557028,223.08853,7.331396,-2.4636486
cell89basal.abf,25,Burst,Other,5.2217,84,0.059303614457831326,-48.860016,8.370676,-60.481,43.343,6.397843,55.160984,-255.14142,-0.6227773,22517.174,-182322.02,445950.03,6.5754175,139.88908,7.452981,-5.760909
cell89basal.abf,26,Burst,Parabolic,0.1598999999999986,4,0.02376666666666667,-46.14897,10.311568,-59.167,40.904,5.406239,35.792446,-7.3830357,-34.443054,31140.139,-162300.0,432810.0,4.868136,75.31137,6.664539,-1.7536199
cell89basal.abf,26,Burst,Parabolic,0.06270000000000309,2,0.0195,-44.940456,12.45745,-59.449,38.59,4.3725753,22.880754,-2.825976,-45.885265,38312.523,-155740.02,352434.0,3.5267289,40.832615,6.064317,-2.1013973
cell91basal.abf,0,Burst,Other,0.046200000000000005,2,0.015,-48.49728,14.009297,-58.448,38.309,4.05154,17.715734,-2.2488341,-182.09984,40479.8,-243613.02,322729.0,2.104674,29.158958,3.189218,-3.71658
cell91basal.abf,1,Burst,Square Wave,1.94,42,0.043802439024390245,-50.266685,9.648413,-61.419,35.213,4.9693255,31.81131,-97.52562,-3.0309181,19777.217,-251113.02,369637.0,5.2922015,89.55781,6.9071255,-4.1884804
cell91basal.abf,1,Burst,Parabolic,1.4652999999999996,18,0.08082941176470587,-55.45257,8.535393,-67.798,38.027,4.579826,37.265965,-81.25792,-7.2993574,17323.074,-241739.02,372458.0,6.126013,162.96758,6.134605,-4.034402
cell91basal.abf,1,Burst,Square Wave,0.41159999999999997,7,0.06193333333333333,-54.40149,9.673848,-63.921,36.682,4.778676,33.597637,-22.400528,-11.243896,21709.125,-235800.0,400290.0,4.864274,117.4623,6.0033946,-4.011016
cell91basal.abf,1,Burst,Square Wave,0.6715999999999998,9,0.0733875,-52.32146,7.9614067,-59.073,40.717,6.328913,53.893154,-35.1425,-19.839176,18404.762,-247369.02,363379.97,5.324313,129.97926,6.025665,-4.0419617
cell91basal.abf,2,Burst,Parabolic,0.6039000000000003,11,0.054079999999999996,-53.173767,9.961565,-65.39,39.122,4.338549,29.711597,-32.120525,-11.341302,21559.781,-239550.03,358695.0,4.887925,105.92941,6.0687513,-4.0481114
cell91basal.abf,2,Burst,Square Wave,1.6774,13,0.11620833333333334,-54.83602,6.7723036,-63.358,36.026,6.586447,69.17008,-91.99093,-1.1744404,14295.232,-188570.02,377142.0,8.219799,249.32416,7.1817484,-2.2016644
cell91basal.abf,2,Burst,Square Wave,0.8394000000000004,12,0.060000000000000005,-53.026264,8.39751,-61.075,36.87,5.7712607,46.541058,-44.51905,-4.544891,18880.543,-227978.0,400290.0,6.048399,141.98418,6.0869727,-3.923546
cell91basal.abf,2,Burst,Square Wave,2.723499999999998,37,0.07375000000000001,-53.19181,8.498755,-63.295,37.652,5.194416,41.226448,-144.87094,-5.213357,17570.2,-250180.02,387150.0,6.7759056,164.03299,6.8808713,-4.1599436
cell91basal.abf,3,Burst,Other,0.7943999999999996,11,0.07028000000000001,-52.66832,8.107094,-59.543,40.717,6.1270757,51.78036,-41.842613,-29.449821,19108.898,-244861.0,356193.03,5.594786,142.10094,6.063176,-4.0583158
cell91basal.abf,4,Burst,Square Wave,1.6877999999999997,28,0.05814814814814815,-51.324314,8.579593,-61.2,37.37,5.619087,42.98668,-86.62714,-20.345322,18921.516,-247050.03,323356.03,5.4580503,116.57412,6.5795174,-4.1232734
cell91basal.abf,4,Burst,Square Wave,0.37029999999999985,5,0.06835000000000001,-52.651115,8.113449,-58.886,41.342,6.5343447,57.03351,-19.505745,-19.592257,20855.482,-259870.0,353069.0,4.8352747,131.94196,5.996033,-4.0180836
cell91basal.abf,4,Burst,Square Wave,0.4650999999999996,9,0.0471125,-50.566742,8.996029,-58.448,41.655,5.913057,44.06033,-23.52193,-35.57636,22714.188,-274573.0,394031.0,4.9282537,106.29726,5.960361,-3.968306
cell91basal.abf,5,Burst,Square Wave,1.4387000000000008,16,0.08368666666666667,-53.528816,7.4694576,-60.543,41.279,6.502649,61.064774,-77.02115,-3.3252199,17288.582,-252990.0,364323.0,6.5413036,178.04488,6.0208154,-3.9841602
cell91basal.abf,5,Burst,Square Wave,0.6417000000000002,13,0.049949999999999994,-50.77535,9.226473,-58.604,38.058,5.586317,39.898422,-32.591064,-4.4335456,22321.148,-260808.0,333985.0,4.4821224,93.63947,6.0070195,-4.008646
cell91basal.abf,5,Burst,Square Wave,1.0696999999999992,15,0.07072142857142857,-52.471115,8.012746,-59.105,42.03,6.241261,52.933624,-56.137344,-8.536973,18792.113,-264880.0,351187.97,5.4149604,137.47493,5.974261,-4.013892
cell91basal.abf,5,Burst,Square Wave,0.9970999999999997,10,0.09144444444444444,-53.03467,7.344895,-60.449,42.03,6.4363594,61.189217,-52.890015,-7.339284,16481.062,-250182.0,376510.03,6.647301,188.97366,6.013906,-4.063798
cell91basal.abf,5,Non-burst,Non-burst,2.897400000000001,3,0.08524999999999999,-66.668076,8.281724,-80.151,35.713,1.0515451,7.6217613,-193.16866,-38.456207,6109.2847,-190444.0,418424.0,18.3337,1623.9956,4.120087,7.5640454
cell91basal.abf,6,Burst,Other,0.27360000000000007,2,0.0887,-52.9272,7.1274133,-58.135,40.373,7.3304887,75.60897,-14.48998,-16.8019,17916.94,-234544.02,354623.0,5.7214804,192.61607,5.961148,-3.9845192
cell91basal.abf,7,Burst,Parabolic,2.4878,41,0.059942499999999996,-50.48299,8.784533,-60.793,41.655,5.2507734,38.735092,-125.59409,-13.274835,18351.988,-256118.0,359010.03,5.887641,122.238174,6.8916955,-4.184044
cell91basal.abf,7,Burst,Parabolic,4.8216,52,0.0903470588235294,-50.240673,8.119763,-63.639,35.713,4.7656636,38.329258,-242.24283,-3.9890165,14125.194,-216712.02,325230.0,7.842537,180.4321,7.110731,-4.335165
cell91basal.abf,7,Burst,Parabolic,0.7758000000000003,14,0.04085384615384616,-48.52862,9.913854,-62.169,34.618,4.4698205,27.75469,-37.6566,-4.1118684,17710.484,-159803.02,345246.03,6.235942,105.578674,6.776895,-1.8845537
cell91basal.abf,7,Burst,Parabolic,0.4781000000000013,3,0.06305000000000001,-51.29559,7.1447015,-59.167,37.683,6.003378,57.554104,-24.533152,-6.933722,13031.573,-132590.02,348063.03,9.710215,255.55832,7.108277,0.3934966
cell91basal.abf,7,Burst,Parabolic,0.38659999999999783,2,0.1331,-49.40157,7.188447,-59.636,38.027,5.2834735,51.827896,-19.102058,-20.227716,12816.037,-142920.02,306470.0,9.225675,243.36667,7.06721,0.37071615
cell91basal.abf,7,Burst,Parabolic,0.4606999999999992,5,0.059649999999999995,-49.563465,8.067476,-58.823,35.807,6.159396,50.61521,-22.842266,-6.924273,15534.945,-111013.01,314912.0,8.260314,167.99731,7.0288305,0.759588
cell91basal.abf,7,Non-burst,Non-burst,0.34820000000000206,0,0.0,-53.29738,5.4660053,-61.825,35.807,6.369649,85.44825,-18.566978,4.4916716,8003.0977,-82875.01,268630.0,18.433857,658.5666,9.459882,2.429937
cell91basal.abf,8,Non-burst,Non-burst,0.0057,0,0.0,-38.18083,12.656546,-43.656,30.991,4.2373056,17.969082,-0.22081555,13095.965,43268.6,-3439.9797,260190.02,4.26278,18.818947,7.09236,1.1095425
cell91basal.abf,8,Burst,Parabolic,1.214,9,0.12545,-48.655422,7.081548,-58.667,33.086,5.8719463,54.60286,-59.07566,0.23146108,11798.761,-103824.01,284580.0,9.645431,224.38896,6.9619417,0.850953
cell91basal.abf,8,Burst,Parabolic,0.24119999999999964,2,0.07529999999999999,-48.406013,7.9402833,-56.728,36.057,6.199175,52.525307,-11.67886,-22.828728,15243.22,-103510.0,293956.0,8.030043,155.71976,6.92192,0.8043951
cell91basal.abf,8,Burst,Parabolic,6.1046000000000005,75,0.08047027027027026,-45.078358,7.6155276,-57.322,35.744,5.534856,42.633312,-275.19296,-1.4497305,12197.885,-117899.99,326168.0,7.914205,152.72697,7.421747,-5.678899
cell91basal.abf,8,Burst,Parabolic,0.24029999999999951,2,0.021400000000000002,-45.228848,7.3458257,-52.819,30.303,6.732754,54.06906,-10.875727,-26.550146,12345.7,-75362.0,217027.0,7.136152,127.18852,6.990321,1.0683651
cell91basal.abf,8,Burst,Parabolic,2.8744999999999994,30,0.09664137931034483,-44.52621,6.9592795,-55.164,33.586,6.3790255,52.948715,-127.99793,-3.263535,11265.206,-81000.01,288332.0,8.174976,158.3503,4.784044,0.722071
cell91basal.abf,8,Burst,Parabolic,2.260399999999999,21,0.10566,-44.212906,6.596786,-53.038,28.864,6.500556,55.57702,-99.94552,-4.025839,10194.299,-71301.2,238920.02,8.139288,159.84824,6.7830925,1.0364292
cell91basal.abf,8,Burst,Parabolic,1.8949999999999996,12,0.15151818181818183,-43.749176,5.200969,-50.755,26.55,8.61362,91.59404,-82.911446,-0.95673156,8409.057,-66610.0,198579.02,8.850181,201.39421,7.07609,1.075443
cell91basal.abf,8,Non-burst,Non-burst,0.45040000000000013,0,0.0,-54.295555,4.9693933,-60.918,35.744,6.2708125,91.63756,-24.463564,7.011545,7295.748,-86000.0,301775.0,22.267729,933.89435,9.568239,2.3742514
cell91basal.abf,8,Non-burst,Non-burst,1.8782999999999994,2,1.0375,-48.884033,4.035237,-55.759,32.711,5.228851,78.36535,-91.82231,-39.941967,4733.4917,-82557.99,309290.03,19.626698,1267.5806,8.932759,2.1862278
cell98basal.abf,9,Burst,Other,1.1001000000000012,10,0.09735555555555556,-65.64772,8.924085,-79.338,41.311,5.2170687,50.082546,-72.229614,-1.648941,19409.709,-214843.0,425610.03,7.1621923,193.5658,4.0173507,7.5498066
cell98basal.abf,10,Burst,Parabolic,0.45529999999999937,2,0.1392,-66.281715,7.5252757,-78.963,42.218,5.9991183,70.16641,-30.18098,-57.366005,15824.76,-192325.4,431866.0,9.020411,315.9091,4.0053153,7.521379
cell98basal.abf,10,Burst,Parabolic,1.2789000000000001,9,0.12595,-65.37544,8.111172,-79.682,40.685,5.440211,58.236774,-83.61925,0.3424916,17298.01,-215156.0,409982.0,7.9564886,245.31802,4.03295,7.550571
cell98basal.abf,11,Burst,Other,1.028,6,0.14932,-65.89675,7.737493,-79.682,42.468,5.7023973,64.98845,-67.75246,-4.593385,16350.359,-203900.0,402480.03,8.223326,263.10974,4.0485506,7.568387
cell98basal.abf,13,Burst,Parabolic,0.7241999999999997,4,0.14256666666666665,-66.26822,7.5834274,-79.275,42.186,6.1841416,72.31659,-47.994682,-27.164774,16561.78,-205771.02,429684.03,8.751057,292.60764,4.0734563,7.5229588
cell98basal.abf,13,Burst,Parabolic,1.4336000000000002,8,0.14385714285714288,-65.33266,7.4518867,-79.213,40.623,5.9380746,70.51363,-93.67146,0.37109375,15697.585,-202331.02,419990.03,9.180894,303.86398,4.056877,7.564557
cell98basal.abf,14,Burst,Parabolic,0.3920999999999992,2,0.14019999999999996,-66.29737,8.032613,-80.12,42.03,5.6647787,62.461426,-25.998198,-61.507607,17361.438,-205456.02,435310.0,8.095291,269.30508,4.020504,7.5316033
cell98basal.abf,14,Burst,Parabolic,0.8586999999999989,4,0.1413333333333333,-65.71466,7.169108,-79.182,41.592,6.204816,77.23207,-56.43305,-6.7738323,15237.315,-202641.89,393098.0,9.170568,309.07275,4.07107,7.543417
cell98basal.abf,15,Burst,Other,1.0954999999999995,8,0.10224285714285716,-66.07007,8.187727,-79.432,43.156,5.5627227,58.369728,-72.382355,-31.518007,17515.723,-202336.02,436250.0,7.622842,237.3459,4.0275154,7.566456
cell98basal.abf,16,Burst,Other,0.4737999999999998,2,0.1287,-66.03419,7.4290166,-79.182,41.342,6.406155,76.69006,-31.29767,-2.7058094,15861.248,-199827.02,399034.0,9.142229,306.76807,4.0660324,7.5553093
