Sweep,Segment_Type,Start,End,Mean_ISI,Median_ISI,Std_ISI,Kurtosis,Skewness,CMA_Threshold,CMA_Valley_Index,CMA_Peak_Index
0,Non-burst,0.0,4.1492,,,,,,,,
0,Burst,4.1492,10.4632,0.052616666666666666,0.04339999999999966,0.030823985069350735,5.237184946741568,2.0330173484848633,0.039,6.0,13.0
0,Burst,16.7984,21.0475,0.05518311688311686,0.042099999999997806,0.037312730332026006,6.183146536137205,2.2620620835774794,0.036,6.0,12.0
0,Non-burst,10.4632,16.7984,2.1117333333333335,0.6821000000000002,2.166718213232989,-1.5,0.7024682041561027,0.0,1563.0,0.0
0,Non-burst,21.0475,21.4999,,,,,,,,
1,Non-burst,0.0,4.4975,,,,,,,,
1,Burst,4.4975,10.2546,0.053804672897196267,0.04070000000000018,0.035181192892001494,2.5948071617152584,1.6359161615370952,0.039,4.0,13.0
1,Burst,10.7976,11.1686,0.18550000000000022,0.18550000000000022,0.07599999999999962,-2.0,0.0,0.0,49.0,0.0
1,Burst,11.7434,12.1903,0.1117250000000003,0.08924999999999983,0.07201213005459563,-0.8963105396928408,0.8119488704853234,0.0,62.0,0.0
1,Burst,13.7539,15.7636,0.07177500000000002,0.06489999999999974,0.04228930652574687,4.043179328491178,1.5319363774215808,0.0,70.0,0.0
1,Burst,19.9399,21.4873,0.032923404255319144,0.03569999999999851,0.01049950784593225,0.771220456692312,-1.3209713086102146,0.036,4.0,12.0
1,Non-burst,10.2546,10.7976,0.5429999999999993,0.5429999999999993,0.0,,,0.0,0.0,0.0
1,Non-burst,11.1686,11.7434,0.5747999999999998,0.5747999999999998,0.0,,,0.0,0.0,0.0
1,Non-burst,12.1903,13.7539,0.7817999999999996,0.7817999999999996,0.44900000000000073,-2.0,0.0,0.0,297.0,0.0
1,Non-burst,15.7636,19.9399,2.0881500000000006,2.0881500000000006,1.7647500000000012,-2.0,0.0,0.0,1175.0,0.0
1,Non-burst,21.4873,21.4999,,,,,,,,
2,Non-burst,0.0,0.0157,,,,,,,,
2,Burst,0.0157,2.3242,0.07695,0.06059999999999999,0.03914988080015909,3.0282206719595193,1.9460687717897223,0.006,49.0,2.0
2,Burst,5.8635,10.6932,0.038949193548387086,0.028350000000000097,0.03089389880252413,6.2792434865037965,2.454549852697015,0.024,56.0,8.0
2,Burst,11.3833,12.0212,0.09112857142857145,0.07340000000000124,0.03780803823397922,-0.8138460075054259,0.8045824759854081,0.0,35.0,0.0
2,Burst,12.5536,13.1263,0.09545000000000019,0.0677500000000002,0.07425677859068955,-1.2542229992926548,0.5874553670358036,0.0,64.0,0.0
2,Non-burst,2.3242,5.8635,1.7696500000000002,1.7696500000000002,1.3885500000000002,-2.0,0.0,0.0,924.0,0.0
2,Non-burst,10.6932,11.3833,0.3450500000000005,0.3450500000000005,0.04124999999999979,-2.0,0.0,0.0,25.0,0.0
2,Non-burst,12.0212,12.5536,0.5323999999999991,0.5323999999999991,0.0,,,0.0,0.0,0.0
2,Non-burst,13.1263,21.4999,,,,,,,,
3,Non-burst,0.0,0.0246,,,,,,,,
3,Burst,0.0246,3.6293,0.07669574468085107,0.06010000000000004,0.040329119184934925,4.333398369905848,2.058453974526992,0.0,63.0,0.0
3,Burst,4.6089,4.7912,0.18229999999999968,0.18229999999999968,0.0,,,0.0,0.0,0.0
3,Burst,6.7927,11.6748,0.045627102803738315,0.043199999999998795,0.014768934117624718,-0.20405446210394151,0.2736844758163214,0.045,1.0,15.0
3,Burst,12.02,12.9671,0.06314000000000004,0.06009999999999849,0.019731423330987867,-0.3893693984915618,0.21466577430670258,0.0,4.0,0.0
3,Burst,14.5543,18.2075,0.06298620689655172,0.04985000000000017,0.0355856589105094,0.6338371006825674,0.9139974718751408,0.0,8.0,0.0
3,Burst,21.22,21.4968,0.02306666666666679,0.020850000000001145,0.013415310490463928,-0.8246548667056954,0.514313236500148,0.0,13.0,0.0
3,Non-burst,3.6293,4.6089,0.9796,0.9796,0.0,,,0.0,0.0,0.0
3,Non-burst,4.7912,6.7927,2.0015,2.0015,0.0,,,0.0,0.0,0.0
3,Non-burst,11.6748,12.02,0.3452000000000002,0.3452000000000002,0.0,,,0.0,0.0,0.0
3,Non-burst,12.9671,14.5543,1.5871999999999993,1.5871999999999993,0.0,,,0.0,0.0,0.0
3,Non-burst,18.2075,21.22,1.5062499999999996,1.5062499999999996,1.1834499999999988,-2.0,0.0,0.0,787.0,0.0
3,Non-burst,21.4968,21.4999,,,,,,,,
4,Non-burst,0.0,0.0292,,,,,,,,
4,Burst,0.0292,2.2249,0.027446249999999995,0.019450000000000023,0.02766186880775592,33.637546558679304,5.260015064002093,0.003,72.0,1.0
4,Burst,2.5761,3.0785,0.2512000000000001,0.2512000000000001,0.03720000000000012,-2.0,0.0,0.0,23.0,0.0
4,Burst,3.6848,4.3493,0.03908823529411767,0.03699999999999992,0.012877791295502468,-0.5268383522887801,0.6350814124204883,0.0,15.0,0.0
4,Burst,5.6304,8.0698,0.033416438356164396,0.021600000000000286,0.037779754720838866,19.483880180580567,4.043607294934261,0.012,84.0,4.0
4,Burst,8.4014,8.7859,0.1922499999999996,0.1922499999999996,0.027950000000000585,-2.0,0.0,0.0,17.0,0.0
4,Burst,10.095,12.4099,0.050323913043478254,0.04234999999999989,0.03903319203370703,14.4241687333311,3.6517317944899164,0.027,76.0,9.0
4,Burst,14.118,15.3615,0.06908333333333329,0.07209999999999983,0.048343082350126465,2.9283856394435075,1.4462930303326569,0.0,69.0,0.0
4,Burst,15.714,16.1427,0.025217647058823588,0.024499999999999744,0.005136287889828116,-0.7958355116739639,0.1538721223254348,0.006,1.0,2.0
4,Burst,16.5296,16.581,0.0257000000000005,0.0257000000000005,0.009899999999998244,-2.0,0.0,0.0,5.0,0.0
4,Burst,16.9403,17.2606,0.045757142857142795,0.04210000000000136,0.01801157224380757,0.43244416742701564,0.8142467566535124,0.0,4.0,0.0
4,Burst,18.7433,21.4776,0.05258269230769226,0.04660000000000153,0.0331634223966581,0.498258580438137,0.8795512978988843,0.0,49.0,0.0
4,Non-burst,2.2249,2.5761,0.35119999999999996,0.35119999999999996,0.0,,,0.0,0.0,0.0
4,Non-burst,3.0785,3.6848,0.6063000000000001,0.6063000000000001,0.0,,,0.0,0.0,0.0
4,Non-burst,4.3493,5.6304,1.2810999999999995,1.2810999999999995,0.0,,,0.0,0.0,0.0
4,Non-burst,8.0698,8.4014,0.3315999999999999,0.3315999999999999,0.0,,,0.0,0.0,0.0
4,Non-burst,8.7859,10.095,0.43636666666666696,0.4672999999999998,0.05394944135227208,-1.499999999999999,-0.6715610604807759,0.0,34.0,0.0
4,Non-burst,12.4099,14.118,1.7081,1.7081,0.0,,,0.0,0.0,0.0
4,Non-burst,15.3615,15.714,0.3525000000000009,0.3525000000000009,0.0,,,0.0,0.0,0.0
4,Non-burst,16.1427,16.5296,0.38689999999999714,0.38689999999999714,0.0,,,0.0,0.0,0.0
4,Non-burst,16.581,16.9403,0.35930000000000106,0.35930000000000106,0.0,,,0.0,0.0,0.0
4,Non-burst,17.2606,18.7433,1.4827000000000012,1.4827000000000012,0.0,,,0.0,0.0,0.0
4,Non-burst,21.4776,21.4999,,,,,,,,
5,Non-burst,0.0,7.2292,6.8941,6.8941,0.0,,,0.0,0.0,0.0
5,Burst,7.2292,11.457,0.053516455696202545,0.04209999999999958,0.04045365039741023,10.585072173567578,2.8603440839134113,0.0,85.0,0.0
5,Burst,12.4948,12.7184,0.11180000000000057,0.11180000000000057,0.01699999999999946,-2.0,0.0,0.0,9.0,0.0
5,Burst,13.0194,13.422,0.2013000000000007,0.2013000000000007,0.06560000000000077,-2.0,0.0,0.0,42.0,0.0
5,Burst,14.9771,15.2256,0.04141666666666666,0.03049999999999997,0.031420662875814125,0.21506171472693625,1.2664900097244083,0.0,29.0,0.0
5,Burst,15.5733,17.933,0.05020638297872341,0.04660000000000153,0.02956640851454679,23.06982429646569,4.301565958484288,0.042,68.0,14.0
5,Burst,19.7321,21.3571,0.08552631578947369,0.06620000000000203,0.05567743417130743,-1.223749580617515,0.29677130668856216,0.0,50.0,0.0
5,Non-burst,11.457,12.4948,0.5188999999999995,0.5188999999999995,0.13870000000000093,-2.0,0.0,0.0,90.0,0.0
5,Non-burst,12.7184,13.0194,0.3009999999999984,0.3009999999999984,0.0,,,0.0,0.0,0.0
5,Non-burst,13.422,14.9771,1.5550999999999995,1.5550999999999995,0.0,,,0.0,0.0,0.0
5,Non-burst,15.2256,15.5733,0.3476999999999997,0.3476999999999997,0.0,,,0.0,0.0,0.0
5,Non-burst,17.933,19.7321,1.7990999999999993,1.7990999999999993,0.0,,,0.0,0.0,0.0
5,Non-burst,21.3571,21.4999,,,,,,,,
6,Non-burst,0.0,8.6768,,,,,,,,
6,Burst,8.6768,13.0592,0.05280000000000001,0.04300000000000104,0.03816006238786546,13.051470569820133,2.9894131639267325,0.0,87.0,0.0
6,Burst,16.0028,17.1111,0.07388666666666666,0.05369999999999919,0.054444979770610885,-0.28552693680815855,0.9516157661616558,0.0,59.0,0.0
6,Non-burst,13.0592,16.0028,1.4718,1.4718,0.5043000000000006,-2.0,0.0,0.0,334.0,0.0
6,Non-burst,17.1111,21.4999,0.3349000000000011,0.3349000000000011,0.0,,,0.0,0.0,0.0
7,Non-burst,0.0,9.7351,,,,,,,,
7,Burst,9.7351,14.8888,0.04861981132075472,0.039049999999999585,0.03719341699668007,7.220290273708219,2.395128678102467,0.003,70.0,1.0
7,Burst,17.4316,20.9581,0.059771186440678005,0.04499999999999815,0.05369614148574156,8.972701787217547,2.8814307810657374,0.0,94.0,0.0
7,Non-burst,14.8888,17.4316,2.5427999999999997,2.5427999999999997,0.0,,,0.0,0.0,0.0
7,Non-burst,20.9581,21.4999,,,,,,,,
8,Non-burst,0.0,0.3262,,,,,,,,
8,Burst,0.3262,1.2571,0.04654500000000001,0.045050000000000034,0.02781194842149682,-0.9890148767728753,0.5429045962675092,0.0,29.0,0.0
8,Burst,1.6052,1.7153,0.11010000000000009,0.11010000000000009,0.0,,,0.0,0.0,0.0
8,Burst,3.412,3.504,0.04600000000000004,0.04600000000000004,0.015399999999999858,-2.0,0.0,0.0,8.0,0.0
8,Burst,10.2433,13.9028,0.05082638888888888,0.040449999999999875,0.03926723256898225,14.188036362059776,3.170587473467612,0.036,89.0,12.0
8,Burst,19.0791,21.4927,0.04309999999999998,0.0442499999999999,0.01746845115384553,0.12616380114904002,0.004976262748908464,0.0,8.0,0.0
8,Non-burst,1.2571,1.6052,0.34809999999999985,0.34809999999999985,0.0,,,0.0,0.0,0.0
8,Non-burst,1.7153,3.412,1.6966999999999999,1.6966999999999999,0.0,,,0.0,0.0,0.0
8,Non-burst,3.504,10.2433,6.7393,6.7393,0.0,,,0.0,0.0,0.0
8,Non-burst,13.9028,19.0791,2.5881500000000006,2.5881500000000006,2.2155500000000004,-2.0,0.0,0.0,1475.0,0.0
8,Non-burst,21.4927,21.4999,,,,,,,,
9,Non-burst,0.0,6.6333,,,,,,,,
9,Burst,6.6333,11.2615,0.04976559139784946,0.04010000000000069,0.034112938593574095,6.648934011475131,2.2463647271858598,0.0,69.0,0.0
9,Burst,12.1194,12.1737,0.05429999999999957,0.05429999999999957,0.0,,,0.0,0.0,0.0
9,Burst,14.1007,18.5541,0.05637215189873416,0.05030000000000001,0.045517969568041695,12.701670205172949,3.130894075966612,0.0,95.0,0.0
9,Non-burst,11.2615,12.1194,0.8579000000000008,0.8579000000000008,0.0,,,0.0,0.0,0.0
9,Non-burst,12.1737,14.1007,1.9269999999999996,1.9269999999999996,0.0,,,0.0,0.0,0.0
9,Non-burst,18.5541,21.4999,0.8436000000000021,0.8436000000000021,0.0,,,0.0,0.0,0.0
10,Non-burst,0.0,0.9629,,,,,,,,
10,Burst,0.9629,6.0871,0.06654805194805197,0.0484,0.05439952637873852,3.3418882522658713,1.9151099139490548,0.0,80.0,0.0
10,Burst,7.3669,7.4598,0.0929000000000002,0.0929000000000002,0.0,,,0.0,0.0,0.0
10,Burst,10.2651,11.0996,0.08345000000000002,0.0788000000000002,0.051699250478126096,-1.0136030169791905,0.4526731941176561,0.0,51.0,0.0
10,Burst,15.6907,18.3177,0.06735897435897432,0.06579999999999941,0.03710854983346736,0.011216139692208138,0.6130441239610956,0.0,7.0,0.0
10,Non-burst,6.0871,7.3669,0.6398999999999999,0.6398999999999999,0.15410000000000057,-2.0,0.0,0.0,101.0,0.0
10,Non-burst,7.4598,10.2651,2.8053,2.8053,0.0,,,0.0,0.0,0.0
10,Non-burst,11.0996,15.6907,0.6558714285714284,0.4720999999999993,0.40393141466727006,1.561660153276251,1.7721959857151033,0.0,414.0,0.0
10,Non-burst,18.3177,21.4999,1.3241000000000014,1.3241000000000014,0.0,,,0.0,0.0,0.0
11,Non-burst,0.0,6.1444,,,,,,,,
11,Burst,6.1444,10.0838,0.05471388888888889,0.04489999999999972,0.0395011086537649,8.233758316518168,2.4854565017060697,0.0,78.0,0.0
11,Burst,16.7343,19.7562,0.061671428571428544,0.056400000000000006,0.037662041736410155,2.2976749283333753,1.275835966177461,0.0,56.0,0.0
11,Non-burst,10.0838,16.7343,3.3252500000000005,3.3252500000000005,2.5431500000000007,-2.0,0.0,0.0,1693.0,0.0
11,Non-burst,19.7562,21.4999,0.3214000000000006,0.3214000000000006,0.0,,,0.0,0.0,0.0
12,Non-burst,0.0,2.125,0.6285333333333333,0.42350000000000004,0.3644724071250876,-1.5,0.665798083638128,0.0,271.0,0.0
12,Burst,2.125,2.4129,0.28790000000000004,0.28790000000000004,0.0,,,0.0,0.0,0.0
12,Burst,4.4124,4.7025,0.2900999999999998,0.2900999999999998,0.0,,,0.0,0.0,0.0
12,Burst,8.6346,8.8954,0.2607999999999997,0.2607999999999997,0.0,,,0.0,0.0,0.0
12,Burst,10.1544,10.6866,0.2660999999999998,0.2660999999999998,0.003400000000000958,-2.0,0.0,0.0,0.0,0.0
12,Burst,14.4426,14.8708,0.2140999999999993,0.2140999999999993,0.020299999999999763,-2.0,0.0,0.0,12.0,0.0
12,Burst,15.8378,16.0572,0.21940000000000204,0.21940000000000204,0.0,,,0.0,0.0,0.0
12,Burst,16.4398,16.7112,0.27139999999999986,0.27139999999999986,0.0,,,0.0,0.0,0.0
12,Non-burst,2.4129,4.4124,0.6665,0.6962999999999999,0.1914882764035439,-1.5,-0.22966569034341736,0.0,91.0,0.0
12,Non-burst,4.7025,8.6346,0.4369000000000001,0.4119999999999999,0.08454948583850484,-0.9452172063672002,0.5337819968404717,0.0,75.0,0.0
12,Non-burst,8.8954,10.1544,0.6295000000000002,0.6295000000000002,0.011799999999999145,-2.0,0.0,0.0,6.0,0.0
12,Non-burst,10.6866,14.4426,0.626,0.5180999999999996,0.3438663839342252,0.7323076201936667,1.5179643075613927,0.0,342.0,0.0
12,Non-burst,14.8708,15.8378,0.48350000000000026,0.48350000000000026,0.015299999999998981,-2.0,0.0,0.0,8.0,0.0
12,Non-burst,16.0572,16.4398,0.38260000000000005,0.38260000000000005,0.0,,,0.0,0.0,0.0
12,Non-burst,16.7112,21.4999,3.4832,3.4832,0.0,,,0.0,0.0,0.0
13,Non-burst,0.0,2.3731,1.1415,1.1415,0.837,-2.0,0.0,0.0,556.0,0.0
13,Burst,2.3731,2.577,0.20389999999999997,0.20389999999999997,0.0,,,0.0,0.0,0.0
13,Non-burst,2.577,21.4999,0.9253349999999999,0.5309999999999999,0.803454058596383,4.328598294159058,2.0968097496668303,0.0,1122.0,0.0
14,Non-burst,0.0,8.5833,2.7869333333333333,1.2734,2.4513245893235402,-1.5000000000000002,0.690770199073278,0.0,1799.0,0.0
14,Burst,8.5833,8.7423,0.053000000000000234,0.03880000000000017,0.02143937188134586,-1.5000000000000004,0.702943915984107,0.0,13.0,0.0
14,Burst,9.5572,9.7953,0.2380999999999993,0.2380999999999993,0.0,,,0.0,0.0,0.0
14,Burst,15.4187,17.1756,0.13514615384615383,0.11670000000000158,0.07492232506335764,-0.5315672546715504,0.7760395948591017,0.0,78.0,0.0
14,Burst,17.5204,17.6537,0.13330000000000197,0.13330000000000197,0.0,,,0.0,0.0,0.0
14,Burst,20.0333,20.1932,0.053300000000000125,0.022800000000000153,0.04541504890085048,-1.5000000000000002,0.7044747146692059,0.0,31.0,0.0
14,Non-burst,8.7423,9.5572,0.8148999999999997,0.8148999999999997,0.0,,,0.0,0.0,0.0
14,Non-burst,9.7953,15.4187,2.8117,2.8117,1.9862000000000002,-2.0,0.0,0.0,1322.0,0.0
14,Non-burst,17.1756,17.5204,0.34479999999999933,0.34479999999999933,0.0,,,0.0,0.0,0.0
14,Non-burst,17.6537,20.0333,2.3796,2.3796,0.0,,,0.0,0.0,0.0
14,Non-burst,20.1932,21.4999,0.3902000000000001,0.3902000000000001,0.04339999999999833,-2.0,0.0,0.0,27.0,0.0
15,Non-burst,0.0,0.1933,,,,,,,,
15,Burst,0.1933,0.3075,0.012688888888888888,0.009800000000000003,0.00922694658106768,1.126724688606295,1.511647380827756,0.0,8.0,0.0
15,Burst,0.6151,0.7435,0.014266666666666674,0.00979999999999992,0.012712723285485816,2.2190741989189284,1.8652097070262637,0.0,12.0,0.0
15,Burst,1.0641,1.1451,0.010124999999999995,0.008400000000000074,0.00510287908929854,0.25047597597611304,1.1777505928887313,0.0,4.0,0.0
15,Burst,1.4841,1.574,0.011237500000000011,0.008599999999999941,0.006892194407443859,0.8593596538326973,1.4120038816387637,0.0,6.0,0.0
15,Burst,1.933,2.0102,0.00965000000000002,0.008599999999999941,0.0042763886633467385,0.057804649572102296,1.0392757959089538,0.0,4.0,0.0
15,Burst,2.4029,2.4909,0.01100000000000001,0.008599999999999941,0.006211481304809666,-0.24130259850039515,1.0375625052084945,0.0,5.0,0.0
15,Burst,2.8355,2.9253,0.011224999999999985,0.008799999999999919,0.006903576971396789,1.0255720095376901,1.4701820270806474,0.0,6.0,0.0
15,Burst,3.2928,3.3667,0.009237499999999954,0.007800000000000029,0.004154195920993573,-0.5162393932882186,0.8646434156106838,0.0,3.0,0.0
15,Burst,3.7327,3.8239,0.011400000000000021,0.008799999999999919,0.007607562027351536,1.4069039534635008,1.617183666694204,0.0,6.0,0.0
15,Burst,4.2111,4.2861,0.009375000000000022,0.007800000000000029,0.004381423855323821,-1.0451725948034136,0.7036027853318287,0.0,2.0,0.0
15,Burst,4.7049,4.7829,0.009749999999999925,0.007449999999999957,0.005906564145084604,1.5875371635884123,1.6903795706641533,0.0,5.0,0.0
15,Burst,5.2292,5.3055,0.009537500000000088,0.008299999999999752,0.004406795179038889,0.7634314967934679,1.3160031024213814,0.0,4.0,0.0
15,Burst,5.7514,5.8687,0.013033333333333254,0.008399999999999963,0.010569873330471791,1.7624665289687593,1.721633564553821,0.0,10.0,0.0
15,Burst,6.3045,6.3824,0.009737499999999955,0.008399999999999963,0.004564246241166096,-0.12387446973303406,1.026621075661543,0.0,4.0,0.0
15,Burst,6.8834,6.9785,0.010566666666666712,0.008100000000000662,0.0069764683838681426,1.674387043634109,1.6708192944857625,0.0,7.0,0.0
15,Burst,7.4063,7.4833,0.009624999999999995,0.007750000000000146,0.005563665608211915,1.555344592616275,1.652287774754871,0.0,5.0,0.0
15,Burst,7.9934,8.0917,0.01092222222222213,0.008300000000000196,0.007451290384561565,1.0008323208984153,1.4854131953794785,0.0,7.0,0.0
15,Burst,8.5781,8.6539,0.009475000000000122,0.007399999999999629,0.004855602434302093,-0.6407602197051476,0.9586770333863717,0.0,4.0,0.0
15,Burst,9.1442,9.2186,0.009300000000000086,0.007700000000000706,0.00502991053598379,0.9664794794485907,1.4527187714913836,0.0,4.0,0.0
15,Burst,9.8022,9.9435,0.01413000000000011,0.007700000000000706,0.01638475205793479,4.145158981356427,2.3730965865127684,0.0,17.0,0.0
15,Burst,10.4415,10.5304,0.00987777777777785,0.007500000000000284,0.0060620454519682235,0.09456040827198908,1.162250313602329,0.0,5.0,0.0
15,Burst,11.0587,11.1435,0.009422222222222172,0.0071000000000012164,0.006618791057415873,2.150694989006869,1.8083258341417778,0.0,6.0,0.0
15,Burst,11.7403,11.8235,0.009244444444444413,0.007699999999999818,0.005480290160831977,1.696679940086768,1.6425343058678694,0.0,5.0,0.0
15,Burst,12.3399,12.4436,0.011522222222222211,0.007800000000001361,0.009025368909391887,1.6418132997727453,1.6742770207603288,0.0,8.0,0.0
15,Burst,13.0193,13.1227,0.011488888888888956,0.008500000000001506,0.009996048602038492,2.9035268459705623,2.068985569792746,0.0,9.0,0.0
15,Burst,13.6677,13.7535,0.009533333333333418,0.007500000000000284,0.005799042066487607,1.365824002966339,1.5449249891887038,0.0,6.0,0.0
15,Burst,14.3786,14.4616,0.009222222222222243,0.006999999999999673,0.005500662137472269,1.7710138447960535,1.6661853897801702,0.0,5.0,0.0
15,Burst,15.0016,15.0897,0.00978888888888897,0.007600000000000051,0.006255565423319687,1.2611113787717105,1.5091758501161963,0.0,6.0,0.0
15,Burst,15.6536,15.7438,0.010022222222222155,0.0071000000000012164,0.006475213900847675,-0.41210409434369444,1.0677224365797588,0.0,5.0,0.0
15,Burst,16.3089,16.3993,0.010044444444444325,0.00689999999999813,0.007089759612146304,1.7061927830234538,1.6878381496854524,0.0,7.0,0.0
15,Burst,16.9512,17.026,0.008311111111111083,0.006500000000002615,0.004304634310044527,-0.0063875696444513075,1.1586603465033776,0.0,4.0,0.0
15,Burst,17.541,17.6247,0.009300000000000037,0.00730000000000075,0.005829046043546277,1.42597520105123,1.5849563461365688,0.0,6.0,0.0
15,Burst,18.2264,18.3355,0.010909999999999798,0.007450000000000401,0.008455110880408345,2.322583415957989,1.8399231226649977,0.0,8.0,0.0
15,Burst,18.9289,18.9982,0.00866250000000024,0.006899999999999906,0.004814285383107191,0.6573314895213653,1.3254863566809159,0.0,4.0,0.0
15,Burst,19.5525,19.6322,0.008855555555555839,0.006999999999997897,0.005034571836834465,0.9791159769733593,1.3886114574686097,0.0,5.0,0.0
15,Burst,20.256,20.3296,0.008177777777777666,0.006700000000002149,0.003938634218377072,-0.08184516322033542,1.0940856620781647,0.0,3.0,0.0
15,Burst,20.9334,21.0243,0.010100000000000145,0.007199999999997431,0.007637480678280882,2.1239452553323694,1.8162118242708776,0.0,7.0,0.0
15,Non-burst,0.3075,0.6151,0.3076,0.3076,0.0,,,0.0,0.0,0.0
15,Non-burst,0.7435,1.0641,0.3206,0.3206,0.0,,,0.0,0.0,0.0
15,Non-burst,1.1451,1.4841,0.33899999999999997,0.33899999999999997,0.0,,,0.0,0.0,0.0
15,Non-burst,1.574,1.933,0.359,0.359,0.0,,,0.0,0.0,0.0
15,Non-burst,2.0102,2.4029,0.3926999999999996,0.3926999999999996,0.0,,,0.0,0.0,0.0
15,Non-burst,2.4909,2.8355,0.34460000000000024,0.34460000000000024,0.0,,,0.0,0.0,0.0
15,Non-burst,2.9253,3.2928,0.36750000000000016,0.36750000000000016,0.0,,,0.0,0.0,0.0
15,Non-burst,3.3667,3.7327,0.3660000000000001,0.3660000000000001,0.0,,,0.0,0.0,0.0
15,Non-burst,3.8239,4.2111,0.3872,0.3872,0.0,,,0.0,0.0,0.0
15,Non-burst,4.2861,4.7049,0.41880000000000006,0.41880000000000006,0.0,,,0.0,0.0,0.0
15,Non-burst,4.7829,5.2292,0.4462999999999999,0.4462999999999999,0.0,,,0.0,0.0,0.0
15,Non-burst,5.3055,5.7514,0.44589999999999996,0.44589999999999996,0.0,,,0.0,0.0,0.0
15,Non-burst,5.8687,6.3045,0.4358000000000004,0.4358000000000004,0.0,,,0.0,0.0,0.0
15,Non-burst,6.3824,6.8834,0.5010000000000003,0.5010000000000003,0.0,,,0.0,0.0,0.0
15,Non-burst,6.9785,7.4063,0.4277999999999995,0.4277999999999995,0.0,,,0.0,0.0,0.0
15,Non-burst,7.4833,7.9934,0.5101000000000004,0.5101000000000004,0.0,,,0.0,0.0,0.0
15,Non-burst,8.0917,8.5781,0.4863999999999997,0.4863999999999997,0.0,,,0.0,0.0,0.0
15,Non-burst,8.6539,9.1442,0.4902999999999995,0.4902999999999995,0.0,,,0.0,0.0,0.0
15,Non-burst,9.2186,9.8022,0.5835999999999988,0.5835999999999988,0.0,,,0.0,0.0,0.0
15,Non-burst,9.9435,10.4415,0.49799999999999933,0.49799999999999933,0.0,,,0.0,0.0,0.0
15,Non-burst,10.5304,11.0587,0.5282999999999998,0.5282999999999998,0.0,,,0.0,0.0,0.0
15,Non-burst,11.1435,11.7403,0.5968,0.5968,0.0,,,0.0,0.0,0.0
15,Non-burst,11.8235,12.3399,0.5164000000000009,0.5164000000000009,0.0,,,0.0,0.0,0.0
15,Non-burst,12.4436,13.0193,0.5756999999999994,0.5756999999999994,0.0,,,0.0,0.0,0.0
15,Non-burst,13.1227,13.6677,0.5449999999999999,0.5449999999999999,0.0,,,0.0,0.0,0.0
15,Non-burst,13.7535,14.3786,0.6250999999999998,0.6250999999999998,0.0,,,0.0,0.0,0.0
15,Non-burst,14.4616,15.0016,0.5399999999999991,0.5399999999999991,0.0,,,0.0,0.0,0.0
15,Non-burst,15.0897,15.6536,0.5639000000000003,0.5639000000000003,0.0,,,0.0,0.0,0.0
15,Non-burst,15.7438,16.3089,0.565100000000001,0.565100000000001,0.0,,,0.0,0.0,0.0
15,Non-burst,16.3993,16.9512,0.5518999999999998,0.5518999999999998,0.0,,,0.0,0.0,0.0
15,Non-burst,17.026,17.541,0.5150000000000006,0.5150000000000006,0.0,,,0.0,0.0,0.0
15,Non-burst,17.6247,18.2264,0.601700000000001,0.601700000000001,0.0,,,0.0,0.0,0.0
15,Non-burst,18.3355,18.9289,0.593399999999999,0.593399999999999,0.0,,,0.0,0.0,0.0
15,Non-burst,18.9982,19.5525,0.5542999999999978,0.5542999999999978,0.0,,,0.0,0.0,0.0
15,Non-burst,19.6322,20.256,0.6237999999999992,0.6237999999999992,0.0,,,0.0,0.0,0.0
15,Non-burst,20.3296,20.9334,0.6037999999999997,0.6037999999999997,0.0,,,0.0,0.0,0.0
15,Non-burst,21.0243,21.4999,,,,,,,,
16,Non-burst,0.0,0.0019,,,,,,,,
16,Burst,0.0019,0.0376,0.017849999999999998,0.017849999999999998,0.004450000000000001,-1.9999999999999998,1.1264231307346935e-15,0.0,1.0,0.0
16,Burst,0.659,0.7322,0.008133333333333326,0.006599999999999939,0.003781240243329918,-0.49330349270360063,0.8941091139482541,0.0,3.0,0.0
16,Burst,1.3626,1.4375,0.008322222222222219,0.006899999999999906,0.004203643334531446,0.15243999184869672,1.1749106186735407,0.0,4.0,0.0
16,Burst,2.1019,2.2269,0.0125,0.007349999999999968,0.013705327431331285,4.012710888137613,2.338636517240774,0.0,14.0,0.0
16,Burst,2.7709,2.8617,0.010088888888888863,0.007000000000000117,0.007727647973987684,1.8326679631475757,1.7215517540527736,0.0,7.0,0.0
16,Burst,3.504,3.5788,0.008311111111111134,0.006299999999999972,0.004338572331602153,0.26893933047988083,1.1524441043799984,0.0,4.0,0.0
16,Burst,4.1637,4.2437,0.008888888888888799,0.007200000000000095,0.005136891503719609,0.1641647429262445,1.155727634805692,0.0,4.0,0.0
16,Burst,4.9847,5.0982,0.011350000000000016,0.007449999999999957,0.010497166284288345,3.5990165720457252,2.2103882782542845,0.0,10.0,0.0
16,Burst,5.622,5.7188,0.010755555555555555,0.006700000000000372,0.009482863035920306,2.5654182988675744,1.9715661349181237,0.0,9.0,0.0
16,Burst,6.303,6.3919,0.009877777777777751,0.006999999999999673,0.00703764129959221,1.7083545118498105,1.7044557640113838,0.0,7.0,0.0
16,Burst,6.985,7.0627,0.008633333333333345,0.006800000000000139,0.004347668596181681,0.9638342312857167,1.392519364956372,0.0,4.0,0.0
16,Burst,7.6404,7.7266,0.009577777777777859,0.00730000000000075,0.006412622583238683,1.5913056218374386,1.6264124188644944,0.0,6.0,0.0
16,Burst,8.424,8.4979,0.00821111111111112,0.007400000000000517,0.0035347306810636784,-0.679150311386334,0.7928384735742934,0.0,3.0,0.0
16,Burst,9.1524,9.2305,0.008677777777777685,0.007400000000000517,0.004693204964574229,1.1041863817070636,1.4729348475499586,0.0,4.0,0.0
16,Burst,9.8988,9.9873,0.009833333333333312,0.007699999999999818,0.005139606556493631,-0.054286403070129996,1.05014412163082,0.0,4.0,0.0
16,Burst,10.5892,10.682,0.01031111111111116,0.007600000000000051,0.006793042918955264,2.110989125527313,1.7899927253834091,0.0,7.0,0.0
16,Burst,11.4266,11.5179,0.00912999999999986,0.007299999999999862,0.004748273370394662,0.2885600683995606,1.1862152085735889,0.0,4.0,0.0
16,Burst,12.1078,12.1922,0.00937777777777783,0.007200000000000983,0.005075820191583109,0.5778443423477624,1.3339028521106198,0.0,4.0,0.0
16,Burst,12.9655,13.0943,0.012880000000000003,0.007749999999999702,0.014005841638402362,4.392155685954813,2.443939312767933,0.0,14.0,0.0
16,Burst,13.6392,13.7276,0.009822222222222225,0.007600000000000051,0.006509783709972216,2.0127667675766503,1.7983659178229345,0.0,6.0,0.0
16,Burst,14.3075,14.3915,0.00933333333333349,0.00709999999999944,0.0055365452525318595,1.0880819796517809,1.454318790109793,0.0,5.0,0.0
16,Burst,15.1249,15.2059,0.008999999999999946,0.007500000000000284,0.0042713515945710665,0.49782403444342593,1.2398041572601046,0.0,4.0,0.0
16,Burst,15.8352,15.9158,0.008955555555555605,0.007699999999999818,0.004761444951345722,1.302059175392281,1.4955026942920475,0.0,4.0,0.0
16,Burst,16.6916,16.7937,0.010210000000000007,0.007699999999999818,0.006385679290412677,2.0404409434475177,1.706750851241197,0.0,7.0,0.0
16,Burst,17.4135,17.5044,0.010100000000000145,0.008199999999998653,0.006217001778278007,1.561056279951413,1.6049476507356517,0.0,6.0,0.0
16,Burst,17.9952,18.077,0.01022500000000015,0.007949999999999235,0.006017007146414536,0.9083645518276042,1.4371054733603497,0.0,5.0,0.0
16,Burst,18.6007,18.6785,0.009724999999999984,0.007550000000000168,0.00574711884338547,1.0426339911171691,1.5018367885493202,0.0,5.0,0.0
16,Burst,19.1687,19.2468,0.009762499999999896,0.007500000000000284,0.0060423376064238365,1.3227369606719055,1.5990530674109336,0.0,6.0,0.0
16,Burst,19.669,19.7336,0.009228571428571237,0.007600000000000051,0.004592140579515811,0.352955122251672,1.2970141079885953,0.0,4.0,0.0
16,Burst,20.5246,20.626,0.010140000000000171,0.007949999999999235,0.006337696742508529,1.952213932250901,1.730011423450976,0.0,6.0,0.0
16,Burst,21.3083,21.4072,0.010988888888888937,0.007799999999999585,0.006451949652700413,1.09179388482546,1.474915626079215,0.0,6.0,0.0
16,Non-burst,0.0376,0.659,0.6214000000000001,0.6214000000000001,0.0,,,0.0,0.0,0.0
16,Non-burst,0.7322,1.3626,0.6304000000000001,0.6304000000000001,0.0,,,0.0,0.0,0.0
16,Non-burst,1.4375,2.1019,0.6644000000000001,0.6644000000000001,0.0,,,0.0,0.0,0.0
16,Non-burst,2.2269,2.7709,0.544,0.544,0.0,,,0.0,0.0,0.0
16,Non-burst,2.8617,3.504,0.6423000000000001,0.6423000000000001,0.0,,,0.0,0.0,0.0
16,Non-burst,3.5788,4.1637,0.5849000000000002,0.5849000000000002,0.0,,,0.0,0.0,0.0
16,Non-burst,4.2437,4.9847,0.7410000000000005,0.7410000000000005,0.0,,,0.0,0.0,0.0
16,Non-burst,5.0982,5.622,0.5237999999999996,0.5237999999999996,0.0,,,0.0,0.0,0.0
16,Non-burst,5.7188,6.303,0.5842,0.5842,0.0,,,0.0,0.0,0.0
16,Non-burst,6.3919,6.985,0.5931000000000006,0.5931000000000006,0.0,,,0.0,0.0,0.0
16,Non-burst,7.0627,7.6404,0.5776999999999992,0.5776999999999992,0.0,,,0.0,0.0,0.0
16,Non-burst,7.7266,8.424,0.6973999999999991,0.6973999999999991,0.0,,,0.0,0.0,0.0
16,Non-burst,8.4979,9.1524,0.6545000000000005,0.6545000000000005,0.0,,,0.0,0.0,0.0
16,Non-burst,9.2305,9.8988,0.6683000000000003,0.6683000000000003,0.0,,,0.0,0.0,0.0
16,Non-burst,9.9873,10.5892,0.6019000000000005,0.6019000000000005,0.0,,,0.0,0.0,0.0
16,Non-burst,10.682,11.4266,0.7446000000000002,0.7446000000000002,0.0,,,0.0,0.0,0.0
16,Non-burst,11.5179,12.1078,0.5899000000000001,0.5899000000000001,0.0,,,0.0,0.0,0.0
16,Non-burst,12.1922,12.9655,0.7733000000000008,0.7733000000000008,0.0,,,0.0,0.0,0.0
16,Non-burst,13.0943,13.6392,0.5449000000000002,0.5449000000000002,0.0,,,0.0,0.0,0.0
16,Non-burst,13.7276,14.3075,0.5798999999999985,0.5798999999999985,0.0,,,0.0,0.0,0.0
16,Non-burst,14.3915,15.1249,0.7333999999999996,0.7333999999999996,0.0,,,0.0,0.0,0.0
16,Non-burst,15.2059,15.8352,0.6293000000000006,0.6293000000000006,0.0,,,0.0,0.0,0.0
16,Non-burst,15.9158,16.6916,0.7758000000000003,0.7758000000000003,0.0,,,0.0,0.0,0.0
16,Non-burst,16.7937,17.4135,0.6197999999999979,0.6197999999999979,0.0,,,0.0,0.0,0.0
16,Non-burst,17.5044,17.9952,0.4908000000000001,0.4908000000000001,0.0,,,0.0,0.0,0.0
16,Non-burst,18.077,18.6007,0.5236999999999981,0.5236999999999981,0.0,,,0.0,0.0,0.0
16,Non-burst,18.6785,19.1687,0.4902000000000015,0.4902000000000015,0.0,,,0.0,0.0,0.0
16,Non-burst,19.2468,19.669,0.42220000000000013,0.42220000000000013,0.0,,,0.0,0.0,0.0
16,Non-burst,19.7336,20.5246,0.7910000000000004,0.7910000000000004,0.0,,,0.0,0.0,0.0
16,Non-burst,20.626,21.3083,0.6822999999999979,0.6822999999999979,0.0,,,0.0,0.0,0.0
16,Non-burst,21.4072,21.4999,,,,,,,,
17,Non-burst,0.0,0.4776,,,,,,,,
17,Burst,0.4776,0.5829,0.011699999999999995,0.008000000000000007,0.008704660309920832,2.4043695864999908,1.9295427637729705,0.0,8.0,0.0
17,Burst,1.0564,1.149,0.011575000000000002,0.008600000000000052,0.007786968280402833,1.559840333662196,1.6911456237122091,0.0,6.0,0.0
17,Burst,1.6202,1.697,0.010971428571428568,0.009700000000000042,0.004220939057912666,-0.5461894986281721,0.7693411644430499,0.0,3.0,0.0
17,Burst,2.1511,2.2367,0.010699999999999987,0.008750000000000036,0.006285698051927071,1.1082112176361472,1.5009939883634256,0.0,6.0,0.0
17,Burst,2.702,2.7741,0.010299999999999976,0.007899999999999796,0.005258734231189542,0.3344398320714763,1.2755364908928608,0.0,4.0,0.0
17,Burst,3.2487,3.3122,0.009071428571428555,0.007600000000000051,0.0036026634138466487,-0.02605201572536764,1.0611096802521482,0.0,3.0,0.0
17,Burst,3.8851,3.9739,0.011099999999999999,0.008950000000000014,0.005656633274307248,-0.042415751958136294,1.1483406365295894,0.0,5.0,0.0
17,Burst,4.5012,4.5937,0.011562500000000031,0.00945000000000018,0.0060078984470445206,0.4455333202416716,1.2515985537154926,0.0,5.0,0.0
17,Burst,5.2469,5.3331,0.010774999999999979,0.008300000000000196,0.006764382824766695,1.8715496670470255,1.8055042090948072,0.0,6.0,0.0
17,Burst,6.1021,6.2114,0.012144444444444465,0.009599999999999831,0.008958064164776297,2.670574776738559,1.9813455245912592,0.0,8.0,0.0
17,Burst,6.8673,6.9437,0.009549999999999947,0.008249999999999869,0.0034723911070039426,-0.32057970548442327,1.0194095089788984,0.0,3.0,0.0
17,Burst,7.3539,7.4171,0.010533333333333209,0.009099999999999664,0.0035808130671988857,-0.2642550363591867,1.0475910201674468,0.0,2.0,0.0
17,Burst,8.021,8.112,0.011374999999999913,0.008899999999999686,0.006771955035291019,1.5416047843655845,1.6848096001432362,0.0,6.0,0.0
17,Burst,8.9875,9.1167,0.012919999999999909,0.009949999999999903,0.009042654477530327,3.193075984114949,2.0777033140476164,0.0,9.0,0.0
17,Burst,9.5404,9.6322,0.01529999999999987,0.012900000000000134,0.006769293414628509,-0.010908677647398779,1.152113768293734,0.0,5.0,0.0
17,Burst,10.1792,10.3049,0.015712500000000018,0.01094999999999935,0.011387541163482244,1.3571475666831176,1.6353687876997318,0.0,10.0,0.0
17,Burst,10.9688,11.0923,0.013722222222222216,0.010699999999999932,0.007875246419816906,1.0210253110019405,1.4467122100744547,0.0,7.0,0.0
17,Burst,11.7409,11.8551,0.014275000000000038,0.011800000000000033,0.007363720187513911,1.3436696891352717,1.5578369750164374,0.0,6.0,0.0
17,Burst,12.6478,12.8133,0.02068749999999997,0.016800000000000814,0.010323206563369687,-0.03964813905829345,1.0660711632006767,0.0,8.0,0.0
17,Burst,13.3942,13.5614,0.02090000000000014,0.014800000000000146,0.01370711494078912,0.4119463243003114,1.3489515092940558,0.0,12.0,0.0
17,Burst,14.0195,14.16,0.028099999999999882,0.023099999999999454,0.011274927937685439,-0.17557412769832137,1.172996336724861,0.003,9.0,1.0
17,Burst,14.4874,14.7023,0.04298000000000002,0.027300000000000324,0.0266152888393113,-0.29063944811490483,1.1682381954906442,0.0,21.0,0.0
17,Burst,15.0235,19.5958,0.11723846153846154,0.1056000000000008,0.04621484729449649,0.5982116470203196,0.8382136882124005,0.0,7.0,0.0
17,Burst,19.9119,20.8648,0.13612857142857138,0.14029999999999987,0.026142669788555412,-0.6175527087004649,0.40780672038972543,0.0,26.0,0.0
17,Burst,21.2485,21.469,0.22050000000000125,0.22050000000000125,0.0,,,0.0,0.0,0.0
17,Non-burst,0.5829,1.0564,0.47350000000000003,0.47350000000000003,0.0,,,0.0,0.0,0.0
17,Non-burst,1.149,1.6202,0.47120000000000006,0.47120000000000006,0.0,,,0.0,0.0,0.0
17,Non-burst,1.697,2.1511,0.45409999999999995,0.45409999999999995,0.0,,,0.0,0.0,0.0
17,Non-burst,2.2367,2.702,0.46530000000000005,0.46530000000000005,0.0,,,0.0,0.0,0.0
17,Non-burst,2.7741,3.2487,0.47460000000000013,0.47460000000000013,0.0,,,0.0,0.0,0.0
17,Non-burst,3.3122,3.8851,0.5729000000000002,0.5729000000000002,0.0,,,0.0,0.0,0.0
17,Non-burst,3.9739,4.5012,0.5272999999999999,0.5272999999999999,0.0,,,0.0,0.0,0.0
17,Non-burst,4.5937,5.2469,0.6532,0.6532,0.0,,,0.0,0.0,0.0
17,Non-burst,5.3331,6.1021,0.7690000000000001,0.7690000000000001,0.0,,,0.0,0.0,0.0
17,Non-burst,6.2114,6.8673,0.6558999999999999,0.6558999999999999,0.0,,,0.0,0.0,0.0
17,Non-burst,6.9437,7.3539,0.41020000000000056,0.41020000000000056,0.0,,,0.0,0.0,0.0
17,Non-burst,7.4171,8.021,0.6039000000000012,0.6039000000000012,0.0,,,0.0,0.0,0.0
17,Non-burst,8.112,8.9875,0.8755000000000006,0.8755000000000006,0.0,,,0.0,0.0,0.0
17,Non-burst,9.1167,9.5404,0.4237000000000002,0.4237000000000002,0.0,,,0.0,0.0,0.0
17,Non-burst,9.6322,10.1792,0.5470000000000006,0.5470000000000006,0.0,,,0.0,0.0,0.0
17,Non-burst,10.3049,10.9688,0.6638999999999999,0.6638999999999999,0.0,,,0.0,0.0,0.0
17,Non-burst,11.0923,11.7409,0.6486000000000001,0.6486000000000001,0.0,,,0.0,0.0,0.0
17,Non-burst,11.8551,12.6478,0.7927,0.7927,0.0,,,0.0,0.0,0.0
17,Non-burst,12.8133,13.3942,0.5808999999999997,0.5808999999999997,0.0,,,0.0,0.0,0.0
17,Non-burst,13.5614,14.0195,0.45809999999999995,0.45809999999999995,0.0,,,0.0,0.0,0.0
17,Non-burst,14.16,14.4874,0.327399999999999,0.327399999999999,0.0,,,0.0,0.0,0.0
17,Non-burst,14.7023,15.0235,0.32120000000000104,0.32120000000000104,0.0,,,0.0,0.0,0.0
17,Non-burst,19.5958,19.9119,0.3160999999999987,0.3160999999999987,0.0,,,0.0,0.0,0.0
17,Non-burst,20.8648,21.2485,0.38370000000000104,0.38370000000000104,0.0,,,0.0,0.0,0.0
17,Non-burst,21.469,21.4999,,,,,,,,
18,Non-burst,0.0,0.2506,,,,,,,,
18,Burst,0.2506,0.484,0.2334,0.2334,0.0,,,0.0,0.0,0.0
18,Burst,1.5749,3.0016,0.1585222222222222,0.15490000000000004,0.03972317481375262,-1.4643083720037202,0.06892595700407278,0.0,23.0,0.0
18,Burst,3.31,4.9195,0.22992857142857145,0.2152999999999996,0.034378511323446354,-1.1580911786400765,0.5000668543708692,0.0,31.0,0.0
18,Burst,5.255,5.3759,0.12089999999999979,0.12089999999999979,0.0,,,0.0,0.0,0.0
18,Burst,5.8764,8.8698,0.1425428571428571,0.1379999999999999,0.03149173090902211,-0.24653286407640085,0.5175631946809268,0.0,2.0,0.0
18,Burst,9.2267,11.5921,0.18195384615384624,0.17609999999999992,0.06245410148980926,-1.2158762138722792,0.25664851428295404,0.0,57.0,0.0
18,Burst,11.9965,12.184,0.1875,0.1875,0.0,,,0.0,0.0,0.0
18,Burst,12.5847,13.3531,0.25613333333333327,0.2524999999999995,0.008910792457588636,-1.5000000000000044,0.5438277076283832,0.0,5.0,0.0
18,Burst,13.6939,15.7506,0.15820769230769238,0.16629999999999967,0.05442854824359463,-1.116682439096803,0.05746329562090715,0.0,25.0,0.0
18,Burst,16.1056,21.3631,0.164296875,0.1629499999999986,0.05949264389598444,-0.7960588187489943,0.33458753920425194,0.0,70.0,0.0
18,Non-burst,0.484,1.5749,0.54545,0.54545,0.21405000000000007,-2.0,0.0,0.0,141.0,0.0
18,Non-burst,3.0016,3.31,0.30840000000000023,0.30840000000000023,0.0,,,0.0,0.0,0.0
18,Non-burst,4.9195,5.255,0.3354999999999997,0.3354999999999997,0.0,,,0.0,0.0,0.0
18,Non-burst,5.3759,5.8764,0.5005000000000006,0.5005000000000006,0.0,,,0.0,0.0,0.0
18,Non-burst,8.8698,9.2267,0.35689999999999955,0.35689999999999955,0.0,,,0.0,0.0,0.0
18,Non-burst,11.5921,11.9965,0.404399999999999,0.404399999999999,0.0,,,0.0,0.0,0.0
18,Non-burst,12.184,12.5847,0.4007000000000005,0.4007000000000005,0.0,,,0.0,0.0,0.0
18,Non-burst,13.3531,13.6939,0.34079999999999977,0.34079999999999977,0.0,,,0.0,0.0,0.0
18,Non-burst,15.7506,16.1056,0.35499999999999865,0.35499999999999865,0.0,,,0.0,0.0,0.0
18,Non-burst,21.3631,21.4999,,,,,,,,
19,Non-burst,0.0,0.0983,,,,,,,,
19,Burst,0.0983,0.2852,0.1869,0.1869,0.0,,,0.0,0.0,0.0
19,Burst,0.6318,0.8826,0.2508,0.2508,0.0,,,0.0,0.0,0.0
19,Burst,1.2925,3.4631,0.1808833333333333,0.15654999999999997,0.05803001857276587,-1.4493574604504766,0.46513425017050775,0.0,47.0,0.0
19,Burst,4.3465,4.8087,0.23110000000000008,0.23110000000000008,0.0013999999999998458,-2.0,0.0,0.0,0.0,0.0
19,Burst,5.1545,5.3653,0.21080000000000076,0.21080000000000076,0.0,,,0.0,0.0,0.0
19,Burst,8.1732,8.8901,0.1792250000000002,0.1797500000000003,0.013397084570904985,-1.2414726670947636,-0.10197481952756329,0.0,3.0,0.0
19,Burst,9.2512,9.8211,0.28494999999999937,0.28494999999999937,0.011849999999999916,-2.0,0.0,0.0,6.0,0.0
19,Burst,10.2042,10.7363,0.1773666666666666,0.17260000000000097,0.03157470858491369,-1.4999999999999998,0.22300652473934549,0.0,24.0,0.0
19,Burst,11.6087,12.9716,0.22714999999999996,0.21564999999999923,0.039853889396142414,-1.0831251211366908,0.3778300254047187,0.0,8.0,0.0
19,Burst,13.3627,13.5382,0.17549999999999955,0.17549999999999955,0.0,,,0.0,0.0,0.0
19,Burst,13.8603,14.3206,0.23015000000000008,0.23015000000000008,0.015649999999999054,-2.0,0.0,0.0,8.0,0.0
19,Burst,15.3111,17.8638,0.21272500000000014,0.21500000000000163,0.03549061202158476,-0.49607969132757335,0.38685227596066973,0.0,39.0,0.0
19,Burst,18.3036,18.5208,0.21720000000000184,0.21720000000000184,0.0,,,0.0,0.0,0.0
19,Burst,19.1778,19.7023,0.26224999999999987,0.26224999999999987,0.0337499999999995,-2.0,0.0,0.0,20.0,0.0
19,Burst,20.2934,21.356,0.21252000000000065,0.20720000000000027,0.04037119765377284,-1.3139174239445583,-0.06912677448292605,0.0,10.0,0.0
19,Non-burst,0.2852,0.6318,0.3466,0.3466,0.0,,,0.0,0.0,0.0
19,Non-burst,0.8826,1.2925,0.40989999999999993,0.40989999999999993,0.0,,,0.0,0.0,0.0
19,Non-burst,3.4631,4.3465,0.4417,0.4417,0.033199999999999896,-2.0,0.0,0.0,20.0,0.0
19,Non-burst,4.8087,5.1545,0.34579999999999966,0.34579999999999966,0.0,,,0.0,0.0,0.0
19,Non-burst,5.3653,8.1732,0.5615799999999999,0.43269999999999964,0.22066094715649204,-0.7676463113983676,0.900344831250787,0.0,192.0,0.0
19,Non-burst,8.8901,9.2512,0.3611000000000004,0.3611000000000004,0.0,,,0.0,0.0,0.0
19,Non-burst,9.8211,10.2042,0.38310000000000066,0.38310000000000066,0.0,,,0.0,0.0,0.0
19,Non-burst,10.7363,11.6087,0.43620000000000037,0.43620000000000037,0.07609999999999939,-2.0,0.0,0.0,49.0,0.0
19,Non-burst,12.9716,13.3627,0.3910999999999998,0.3910999999999998,0.0,,,0.0,0.0,0.0
19,Non-burst,13.5382,13.8603,0.3221000000000007,0.3221000000000007,0.0,,,0.0,0.0,0.0
19,Non-burst,14.3206,15.3111,0.4952499999999995,0.4952499999999995,0.019449999999999967,-2.0,0.0,0.0,11.0,0.0
19,Non-burst,17.8638,18.3036,0.4397999999999982,0.4397999999999982,0.0,,,0.0,0.0,0.0
19,Non-burst,18.5208,19.1778,0.3285,0.3285,0.01440000000000019,-2.0,0.0,0.0,8.0,0.0
19,Non-burst,19.7023,20.2934,0.5910999999999973,0.5910999999999973,0.0,,,0.0,0.0,0.0
19,Non-burst,21.356,21.4999,,,,,,,,
20,Non-burst,0.0,0.1107,,,,,,,,
20,Burst,0.1107,1.5696,0.16210000000000002,0.15959999999999996,0.05669765819189049,0.5238490601212646,1.0008614209818787,0.0,63.0,0.0
20,Burst,1.9272,2.4418,0.2573000000000001,0.2573000000000001,0.001000000000000112,-2.0,0.0,0.0,0.0,0.0
20,Burst,2.7722,2.9666,0.1943999999999999,0.1943999999999999,0.0,,,0.0,0.0,0.0
20,Burst,3.2854,3.8922,0.2022666666666666,0.20210000000000017,0.00788007332171184,-1.4999999999999998,0.031716131723458836,0.0,4.0,0.0
20,Burst,4.6297,5.1763,0.18220000000000022,0.2063000000000006,0.043749514283018154,-1.4999999999999991,-0.6591352504702739,0.0,27.0,0.0
20,Burst,5.4965,5.646,0.14949999999999974,0.14949999999999974,0.0,,,0.0,0.0,0.0
20,Burst,6.0761,9.5996,0.15319565217391307,0.1471,0.0428188548296481,1.0729897098352321,1.084340293892894,0.0,4.0,0.0
20,Burst,11.0475,11.2151,0.1676000000000002,0.1676000000000002,0.0,,,0.0,0.0,0.0
20,Burst,11.6848,12.105,0.21010000000000062,0.21010000000000062,0.0257000000000005,-2.0,0.0,0.0,15.0,0.0
20,Burst,12.4113,12.8724,0.23055000000000003,0.23055000000000003,0.03385000000000016,-2.0,0.0,0.0,21.0,0.0
20,Burst,13.1893,14.9359,0.1746600000000001,0.16239999999999988,0.027254988534211707,-1.1722826561553523,0.6014284421837431,0.0,2.0,0.0
20,Burst,15.289,16.453,0.19399999999999995,0.1780500000000007,0.07046405703146302,-1.612616587569209,0.2643861957827273,0.0,54.0,0.0
20,Burst,17.3974,18.3875,0.19801999999999964,0.20349999999999824,0.02000303976899493,-1.7660940559945928,-0.1984556353529043,0.0,13.0,0.0
20,Burst,18.9432,19.2753,0.16605000000000025,0.16605000000000025,0.0407499999999974,-2.0,0.0,0.0,25.0,0.0
20,Burst,20.889,21.0388,0.14979999999999905,0.14979999999999905,0.0,,,0.0,0.0,0.0
20,Non-burst,1.5696,1.9272,0.3575999999999999,0.3575999999999999,0.0,,,0.0,0.0,0.0
20,Non-burst,2.4418,2.7722,0.3304,0.3304,0.0,,,0.0,0.0,0.0
20,Non-burst,2.9666,3.2854,0.3188,0.3188,0.0,,,0.0,0.0,0.0
20,Non-burst,3.8922,4.6297,0.7374999999999998,0.7374999999999998,0.0,,,0.0,0.0,0.0
20,Non-burst,5.1763,5.4965,0.3201999999999998,0.3201999999999998,0.0,,,0.0,0.0,0.0
20,Non-burst,5.646,6.0761,0.43010000000000037,0.43010000000000037,0.0,,,0.0,0.0,0.0
20,Non-burst,9.5996,11.0475,0.48263333333333297,0.4474999999999998,0.0660846090671306,-1.5000000000000002,0.647197793977716,0.0,48.0,0.0
20,Non-burst,11.2151,11.6848,0.46969999999999956,0.46969999999999956,0.0,,,0.0,0.0,0.0
20,Non-burst,12.105,12.4113,0.30630000000000024,0.30630000000000024,0.0,,,0.0,0.0,0.0
20,Non-burst,12.8724,13.1893,0.3168999999999986,0.3168999999999986,0.0,,,0.0,0.0,0.0
20,Non-burst,14.9359,15.289,0.3530999999999995,0.3530999999999995,0.0,,,0.0,0.0,0.0
20,Non-burst,16.453,17.3974,0.47220000000000084,0.47220000000000084,0.13680000000000092,-2.0,0.0,0.0,89.0,0.0
20,Non-burst,18.3875,18.9432,0.5557000000000016,0.5557000000000016,0.0,,,0.0,0.0,0.0
20,Non-burst,19.2753,20.889,0.5378999999999993,0.4087999999999994,0.22558387944768343,-1.4999999999999998,0.6710023376105,0.0,166.0,0.0
20,Non-burst,21.0388,21.4999,0.3071000000000019,0.3071000000000019,0.0,,,0.0,0.0,0.0
21,Non-burst,0.0,1.1792,,,,,,,,
21,Burst,1.1792,1.2416,0.06240000000000001,0.06240000000000001,0.0,,,0.0,0.0,0.0
21,Burst,2.113,2.1966,0.08360000000000012,0.08360000000000012,0.0,,,0.0,0.0,0.0
21,Burst,3.8507,4.0952,0.24450000000000038,0.24450000000000038,0.0,,,0.0,0.0,0.0
21,Burst,5.2267,5.7715,0.18159999999999984,0.18539999999999957,0.05689165140862048,-1.5000000000000004,-0.09989245487328255,0.0,23.0,0.0
21,Burst,6.0832,6.9672,0.17680000000000007,0.17490000000000006,0.04892528998381097,-1.1217922609949278,0.25959257185843976,0.0,45.0,0.0
21,Burst,7.3145,8.1552,0.16814000000000018,0.1596000000000002,0.05092836537726304,-0.2936906064067011,0.8322304323562503,0.0,15.0,0.0
21,Burst,8.4866,9.5872,0.15722857142857144,0.1440999999999999,0.055407057680554886,0.11128758844342368,0.9488290374960213,0.0,59.0,0.0
21,Burst,11.1559,11.7113,0.11107999999999976,0.10850000000000115,0.039726837276581425,-0.8474051307758597,-0.023687434274605266,0.0,14.0,0.0
21,Burst,12.1168,12.8011,0.1710750000000001,0.17225000000000001,0.024393275200349243,-1.725675898820965,-0.07439862130349968,0.0,15.0,0.0
21,Burst,13.1363,13.4011,0.26479999999999926,0.26479999999999926,0.0,,,0.0,0.0,0.0
21,Burst,13.7999,14.6159,0.27200000000000024,0.26730000000000054,0.011551911818684923,-1.5,0.5429394638701162,0.0,7.0,0.0
21,Burst,15.0499,15.3029,0.2530000000000001,0.2530000000000001,0.0,,,0.0,0.0,0.0
21,Burst,16.0554,16.5913,0.2679500000000008,0.2679500000000008,0.024050000000000793,-2.0,0.0,0.0,14.0,0.0
21,Burst,17.1658,17.3384,0.1725999999999992,0.1725999999999992,0.0,,,0.0,0.0,0.0
21,Burst,20.1149,20.3139,0.19900000000000162,0.19900000000000162,0.0,,,0.0,0.0,0.0
21,Non-burst,1.2416,2.113,0.8714,0.8714,0.0,,,0.0,0.0,0.0
21,Non-burst,2.1966,3.8507,0.5513666666666666,0.4514999999999998,0.14728408679223362,-1.4999999999999996,0.7053408572629521,0.0,104.0,0.0
21,Non-burst,4.0952,5.2267,0.56575,0.56575,0.057549999999999546,-2.0,0.0,0.0,36.0,0.0
21,Non-burst,5.7715,6.0832,0.3117000000000001,0.3117000000000001,0.0,,,0.0,0.0,0.0
21,Non-burst,6.9672,7.3145,0.3472999999999997,0.3472999999999997,0.0,,,0.0,0.0,0.0
21,Non-burst,8.1552,8.4866,0.3313999999999986,0.3313999999999986,0.0,,,0.0,0.0,0.0
21,Non-burst,9.5872,11.1559,0.7843500000000008,0.7843500000000008,0.22945000000000082,-2.0,0.0,0.0,151.0,0.0
21,Non-burst,11.7113,12.1168,0.40549999999999997,0.40549999999999997,0.0,,,0.0,0.0,0.0
21,Non-burst,12.8011,13.1363,0.3352000000000004,0.3352000000000004,0.0,,,0.0,0.0,0.0
21,Non-burst,13.4011,13.7999,0.3987999999999996,0.3987999999999996,0.0,,,0.0,0.0,0.0
21,Non-burst,14.6159,15.0499,0.4339999999999993,0.4339999999999993,0.0,,,0.0,0.0,0.0
21,Non-burst,15.3029,16.0554,0.37624999999999975,0.37624999999999975,0.07455000000000123,-2.0,0.0,0.0,48.0,0.0
21,Non-burst,16.5913,17.1658,0.5745000000000005,0.5745000000000005,0.0,,,0.0,0.0,0.0
21,Non-burst,17.3384,20.1149,0.5552999999999997,0.5732999999999997,0.14635425514825326,-0.6928248101315373,-0.4168080663783014,0.0,67.0,0.0
21,Non-burst,20.3139,21.4999,,,,,,,,
22,Non-burst,0.0,0.9819,0.6601,0.6601,0.0,,,0.0,0.0,0.0
22,Burst,0.9819,1.5502,0.142075,0.11539999999999995,0.05052832745104475,-0.6850755269202651,1.1319399664407124,0.0,38.0,0.0
22,Burst,1.8548,2.5619,0.23570000000000002,0.21989999999999998,0.022415322140595294,-1.5,0.7070962262483204,0.0,14.0,0.0
22,Burst,4.382,4.6077,0.22570000000000068,0.22570000000000068,0.0,,,0.0,0.0,0.0
22,Burst,4.9154,5.2806,0.18259999999999987,0.18259999999999987,0.0354000000000001,-2.0,0.0,0.0,22.0,0.0
22,Burst,7.3452,7.5076,0.16239999999999988,0.16239999999999988,0.0,,,0.0,0.0,0.0
22,Burst,7.9997,8.4752,0.23774999999999968,0.23774999999999968,0.009450000000000625,-2.0,0.0,0.0,4.0,0.0
22,Burst,8.9163,9.4025,0.2431000000000001,0.2431000000000001,0.0384000000000011,-2.0,0.0,0.0,24.0,0.0
22,Burst,11.0034,11.1672,0.16380000000000017,0.16380000000000017,0.0,,,0.0,0.0,0.0
22,Burst,11.5532,11.716,0.16279999999999895,0.16279999999999895,0.0,,,0.0,0.0,0.0
22,Burst,13.3619,14.1345,0.1931499999999997,0.1911499999999995,0.06696486018801234,-1.4864974055950178,0.0639827456820218,0.0,38.0,0.0
22,Burst,15.5506,15.7176,0.16699999999999982,0.16699999999999982,0.0,,,0.0,0.0,0.0
22,Non-burst,1.5502,1.8548,0.3046,0.3046,0.0,,,0.0,0.0,0.0
22,Non-burst,2.5619,4.382,0.9100499999999998,0.9100499999999998,0.5019499999999997,-2.0,0.0,0.0,333.0,0.0
22,Non-burst,4.6077,4.9154,0.30769999999999964,0.30769999999999964,0.0,,,0.0,0.0,0.0
22,Non-burst,5.2806,7.3452,1.0323000000000002,1.0323000000000002,0.1756000000000002,-2.0,0.0,0.0,115.0,0.0
22,Non-burst,7.5076,7.9997,0.49209999999999976,0.49209999999999976,0.0,,,0.0,0.0,0.0
22,Non-burst,8.4752,8.9163,0.4411000000000005,0.4411000000000005,0.0,,,0.0,0.0,0.0
22,Non-burst,9.4025,11.0034,0.8004499999999997,0.8004499999999997,0.07155000000000022,-2.0,0.0,0.0,46.0,0.0
22,Non-burst,11.1672,11.5532,0.386000000000001,0.386000000000001,0.0,,,0.0,0.0,0.0
22,Non-burst,11.716,13.3619,0.5486333333333336,0.4430000000000014,0.243657140716667,-1.4999999999999996,0.5688162997893338,0.0,187.0,0.0
22,Non-burst,14.1345,15.5506,0.47203333333333336,0.36879999999999846,0.18752109807224987,-1.4999999999999993,0.6589301913195666,0.0,139.0,0.0
22,Non-burst,15.7176,21.4999,0.9790600000000002,0.5644999999999989,0.7931586388611047,-0.22435279124351926,1.189627771801031,0.0,720.0,0.0
23,Non-burst,0.0,0.2452,,,,,,,,
23,Burst,0.2452,0.2986,0.026699999999999988,0.026699999999999988,0.0006000000000000033,-2.0,0.0,0.0,0.0,0.0
23,Burst,3.3805,3.4659,0.04269999999999996,0.04269999999999996,0.010499999999999954,-2.0,0.0,0.0,5.0,0.0
23,Burst,6.1622,7.7643,0.08432105263157895,0.07610000000000028,0.0516878340459886,1.716436017802029,1.1308511855051315,0.0,73.0,0.0
23,Burst,8.142,8.2986,0.15660000000000096,0.15660000000000096,0.0,,,0.0,0.0,0.0
23,Burst,8.9318,10.2087,0.21281666666666657,0.2062500000000007,0.039003479189540564,-0.7151663337411813,-0.3678537569530483,0.0,18.0,0.0
23,Burst,10.59,10.7789,0.1889000000000003,0.1889000000000003,0.0,,,0.0,0.0,0.0
23,Burst,13.7386,14.224,0.06934285714285718,0.028100000000000236,0.07409081024840584,-1.130129026506659,0.8876410738129455,0.0,57.0,0.0
23,Burst,14.5747,15.4503,0.2189000000000001,0.23085000000000022,0.04761003045577737,-1.2559844608404362,-0.5366319784199395,0.0,19.0,0.0
23,Burst,17.9464,18.0355,0.0445499999999992,0.0445499999999992,0.009749999999998593,-2.0,0.0,0.0,4.0,0.0
23,Burst,18.4012,18.5689,0.16769999999999996,0.16769999999999996,0.0,,,0.0,0.0,0.0
23,Burst,20.9055,21.3465,0.14699999999999966,0.12460000000000093,0.05032275827098516,-1.5000000000000007,0.5794935744464538,0.0,37.0,0.0
23,Non-burst,0.2986,3.3805,1.0273,0.8711,0.3223514024580422,-1.5,0.6130695566713799,0.0,245.0,0.0
23,Non-burst,3.4659,6.1622,1.3481500000000002,1.3481500000000002,0.20655000000000023,-2.0,0.0,0.0,136.0,0.0
23,Non-burst,7.7643,8.142,0.37769999999999904,0.37769999999999904,0.0,,,0.0,0.0,0.0
23,Non-burst,8.2986,8.9318,0.6332000000000004,0.6332000000000004,0.0,,,0.0,0.0,0.0
23,Non-burst,10.2087,10.59,0.38129999999999953,0.38129999999999953,0.0,,,0.0,0.0,0.0
23,Non-burst,10.7789,13.7386,0.9865666666666666,0.6876999999999995,0.47419192551352196,-1.4999999999999998,0.6950348920467867,0.0,345.0,0.0
23,Non-burst,14.224,14.5747,0.3506999999999998,0.3506999999999998,0.0,,,0.0,0.0,0.0
23,Non-burst,15.4503,17.9464,0.8320333333333334,0.8846000000000007,0.35951137518705767,-1.5,-0.21619943438163824,0.0,171.0,0.0
23,Non-burst,18.0355,18.4012,0.36570000000000036,0.36570000000000036,0.0,,,0.0,0.0,0.0
23,Non-burst,18.5689,20.9055,0.7788666666666669,0.6534000000000013,0.4056578635034973,-1.5000000000000002,0.4343504554598745,0.0,321.0,0.0
23,Non-burst,21.3465,21.4999,,,,,,,,
24,Non-burst,0.0,1.0084,0.4396,0.4396,0.09409999999999996,-2.0,0.0,0.0,61.0,0.0
24,Burst,1.0084,3.0495,0.14579285714285714,0.1288499999999999,0.06479323668723583,0.030132978896043827,1.027272516641793,0.0,65.0,0.0
24,Burst,4.2238,5.8576,0.09076666666666666,0.08214999999999995,0.06537529264859078,0.6465286887083344,1.071358721252821,0.0,80.0,0.0
24,Burst,6.2431,9.2767,0.121344,0.09890000000000043,0.055915214959794256,0.2143759636057898,0.982368504761765,0.0,5.0,0.0
24,Burst,10.8541,12.4147,0.09179999999999995,0.10070000000000157,0.05396792075472473,-1.1428164324051335,-0.19473359483217234,0.0,20.0,0.0
24,Burst,12.7361,13.1934,0.22865000000000002,0.22865000000000002,0.013249999999999318,-2.0,0.0,0.0,7.0,0.0
24,Burst,15.4494,15.8172,0.0735599999999998,0.028200000000000003,0.06725657142614427,-1.3727884063483327,0.6096478981803412,0.0,54.0,0.0
24,Burst,16.2471,16.6406,0.13116666666666651,0.14209999999999923,0.06018451258883295,-1.4999999999999993,-0.2665001550459673,0.0,28.0,0.0
24,Burst,16.9526,17.115,0.1623999999999981,0.1623999999999981,0.0,,,0.0,0.0,0.0
24,Burst,20.5584,20.9639,0.057928571428571426,0.021300000000000097,0.08152625719511976,1.789065889815891,1.8834119244600949,0.0,79.0,0.0
24,Non-burst,3.0495,4.2238,0.5871499999999998,0.5871499999999998,0.1923499999999998,-2.0,0.0,0.0,126.0,0.0
24,Non-burst,5.8576,6.2431,0.3855000000000004,0.3855000000000004,0.0,,,0.0,0.0,0.0
24,Non-burst,9.2767,10.8541,1.5774000000000008,1.5774000000000008,0.0,,,0.0,0.0,0.0
24,Non-burst,12.4147,12.7361,0.3214000000000006,0.3214000000000006,0.0,,,0.0,0.0,0.0
24,Non-burst,13.1934,15.4494,0.7520000000000001,0.5030999999999999,0.38374898914090544,-1.4999999999999998,0.700045932272059,0.0,276.0,0.0
24,Non-burst,15.8172,16.2471,0.42989999999999995,0.42989999999999995,0.0,,,0.0,0.0,0.0
24,Non-burst,16.6406,16.9526,0.31200000000000117,0.31200000000000117,0.0,,,0.0,0.0,0.0
24,Non-burst,17.115,20.5584,1.7217000000000002,1.7217000000000002,0.7807999999999975,-2.0,0.0,0.0,519.0,0.0
24,Non-burst,20.9639,21.4999,0.33859999999999957,0.33859999999999957,0.0,,,0.0,0.0,0.0
25,Non-burst,0.0,12.6837,3.1012750000000002,0.53815,4.566095969411396,-0.6687761795249978,1.1520124809306547,0.0,3560.0,0.0
25,Burst,12.6837,17.9054,0.06143176470588235,0.047399999999999665,0.0530822097411502,6.135756936047262,2.3430273803582238,0.0,94.0,0.0
25,Non-burst,17.9054,21.4999,,,,,,,,
26,Non-burst,0.0,0.3044,,,,,,,,
26,Burst,0.3044,3.3123,0.09114848484848485,0.07289999999999996,0.06896345594066523,-0.4226237474598502,0.6659145067220592,0.0,82.0,0.0
26,Burst,6.3106,8.5579,0.08323333333333334,0.07449999999999957,0.0633329941511385,-1.071701041292441,0.5110476651555419,0.0,62.0,0.0
26,Burst,10.3872,10.4473,0.030050000000000132,0.030050000000000132,0.0024500000000005073,-2.0,0.0,0.0,0.0,0.0
26,Burst,12.3397,12.4996,0.03197999999999972,0.021999999999998465,0.022890032765376277,-0.37882942869205705,1.0881831542117388,0.0,18.0,0.0
26,Burst,12.9771,13.0661,0.08900000000000041,0.08900000000000041,0.0,,,0.0,0.0,0.0
26,Burst,13.4285,15.0401,0.1611600000000001,0.14320000000000022,0.05793063438285441,0.06729923452013553,0.9311061480199058,0.0,66.0,0.0
26,Burst,15.4496,15.8289,0.18965000000000032,0.18965000000000032,0.06615000000000038,-2.0,0.0,0.0,42.0,0.0
26,Burst,17.112,17.1747,0.02090000000000103,0.01950000000000074,0.004200793575822583,-1.5,0.46288949363623344,0.0,1.0,0.0
26,Burst,17.7003,18.7461,0.14939999999999998,0.1720999999999968,0.07620352447792073,-1.3639495110987374,-0.4480967426196291,0.0,30.0,0.0
26,Non-burst,3.3123,6.3106,0.9994333333333333,0.44440000000000035,0.8098818939957986,-1.4999999999999993,0.7061107786099171,0.0,576.0,0.0
26,Non-burst,8.5579,10.3872,0.91465,0.91465,0.0807500000000001,-2.0,0.0,0.0,52.0,0.0
26,Non-burst,10.4473,12.3397,1.8924000000000003,1.8924000000000003,0.0,,,0.0,0.0,0.0
26,Non-burst,12.4996,12.9771,0.4775000000000009,0.4775000000000009,0.0,,,0.0,0.0,0.0
26,Non-burst,13.0661,13.4285,0.36239999999999917,0.36239999999999917,0.0,,,0.0,0.0,0.0
26,Non-burst,15.0401,15.4496,0.40949999999999953,0.40949999999999953,0.0,,,0.0,0.0,0.0
26,Non-burst,15.8289,17.112,1.2830999999999975,1.2830999999999975,0.0,,,0.0,0.0,0.0
26,Non-burst,17.1747,17.7003,0.5255999999999972,0.5255999999999972,0.0,,,0.0,0.0,0.0
26,Non-burst,18.7461,21.4999,0.3887333333333333,0.3490000000000002,0.06302837103682307,-1.5000000000000007,0.6950776297008587,0.0,44.0,0.0
27,Non-burst,0.0,0.1206,,,,,,,,
27,Burst,0.1206,0.3873,0.2667,0.2667,0.0,,,0.0,0.0,0.0
27,Burst,1.0683,1.2698,0.2015,0.2015,0.0,,,0.0,0.0,0.0
27,Burst,1.7943,6.1874,0.19100434782608697,0.18290000000000006,0.05988876992980493,-0.9273457515008134,0.06907564100173562,0.0,11.0,0.0
27,Burst,6.488,6.8922,0.13473333333333315,0.1363999999999992,0.007361763073853712,-1.5,-0.32798875079962997,0.0,2.0,0.0
27,Burst,7.2087,11.294,0.163412,0.1623000000000001,0.05494112718173888,-1.0292385377361064,0.4692009394858809,0.0,52.0,0.0
27,Burst,13.1863,13.3474,0.16110000000000113,0.16110000000000113,0.0,,,0.0,0.0,0.0
27,Burst,16.062,16.5856,0.17453333333333276,0.1750000000000007,0.03119191490683997,-1.5000000000000002,-0.02243836408890931,0.0,11.0,0.0
27,Burst,16.8881,17.1575,0.2693999999999974,0.2693999999999974,0.0,,,0.0,0.0,0.0
27,Burst,18.0147,19.0724,0.2115399999999994,0.20830000000000126,0.059682781436525834,-1.5020303831990869,0.09344819062547174,0.0,40.0,0.0
27,Burst,19.4499,19.6074,0.15749999999999886,0.15749999999999886,0.0,,,0.0,0.0,0.0
27,Burst,19.9388,20.9744,0.20711999999999975,0.2225999999999999,0.032505962529972385,-1.2119053339235377,-0.6242691991847165,0.0,21.0,0.0
27,Non-burst,0.3873,1.0683,0.3405,0.3405,0.02749999999999997,-2.0,0.0,0.0,16.0,0.0
27,Non-burst,1.2698,1.7943,0.5245,0.5245,0.0,,,0.0,0.0,0.0
27,Non-burst,6.1874,6.488,0.3006000000000002,0.3006000000000002,0.0,,,0.0,0.0,0.0
27,Non-burst,6.8922,7.2087,0.31650000000000045,0.31650000000000045,0.0,,,0.0,0.0,0.0
27,Non-burst,11.294,13.1863,0.6307666666666663,0.5558999999999994,0.25228049644966416,-1.4999999999999996,0.41900492835792236,0.0,199.0,0.0
27,Non-burst,13.3474,16.062,0.5429200000000002,0.527000000000001,0.18116824666590994,-1.6316005022036126,0.018241559481399782,0.0,138.0,0.0
27,Non-burst,16.5856,16.8881,0.302500000000002,0.302500000000002,0.0,,,0.0,0.0,0.0
27,Non-burst,17.1575,18.0147,0.4286000000000012,0.4286000000000012,0.09559999999999924,-2.0,0.0,0.0,62.0,0.0
27,Non-burst,19.0724,19.4499,0.3775000000000013,0.3775000000000013,0.0,,,0.0,0.0,0.0
27,Non-burst,19.6074,19.9388,0.33140000000000214,0.33140000000000214,0.0,,,0.0,0.0,0.0
27,Non-burst,20.9744,21.4999,0.31010000000000204,0.31010000000000204,0.0,,,0.0,0.0,0.0
28,Non-burst,0.0,0.4285,0.3326,0.3326,0.0,,,0.0,0.0,0.0
28,Burst,0.4285,0.7766,0.17404999999999998,0.17404999999999998,0.022250000000000048,-2.0,0.0,0.0,13.0,0.0
28,Burst,1.2908,5.1231,0.1666217391304348,0.1743999999999999,0.04303410130624656,0.1302855059839807,0.10080701840811977,0.0,8.0,0.0
28,Burst,5.65,9.9568,0.13050909090909088,0.12150000000000105,0.04326189003588005,4.811234051692187,1.968726043996317,0.063,72.0,21.0
28,Burst,10.7559,11.5234,0.12791666666666668,0.12630000000000052,0.02022790289564291,-0.658394267648156,0.20811061610369377,0.0,5.0,0.0
28,Burst,11.8336,13.667,0.15278333333333327,0.12935000000000052,0.059360520456688305,-1.081911884432024,0.46000671869245424,0.0,8.0,0.0
28,Burst,13.9956,14.9156,0.184,0.18459999999999965,0.023221713976363197,-0.635382986855181,0.02333252418032027,0.0,8.0,0.0
28,Burst,15.5792,15.7492,0.16999999999999993,0.16999999999999993,0.0,,,0.0,0.0,0.0
28,Burst,16.3821,21.4357,0.15792499999999998,0.13975000000000115,0.05369150305215916,-0.13879456758901743,0.7674775369732738,0.0,2.0,0.0
28,Non-burst,0.7766,1.2908,0.5142,0.5142,0.0,,,0.0,0.0,0.0
28,Non-burst,5.1231,5.65,0.5269000000000004,0.5269000000000004,0.0,,,0.0,0.0,0.0
28,Non-burst,9.9568,10.7559,0.3995500000000005,0.3995500000000005,0.05665000000000031,-2.0,0.0,0.0,36.0,0.0
28,Non-burst,11.5234,11.8336,0.31020000000000003,0.31020000000000003,0.0,,,0.0,0.0,0.0
28,Non-burst,13.667,13.9956,0.3285999999999998,0.3285999999999998,0.0,,,0.0,0.0,0.0
28,Non-burst,14.9156,15.5792,0.3318000000000003,0.3318000000000003,0.020700000000000607,-2.0,0.0,0.0,12.0,0.0
28,Non-burst,15.7492,16.3821,0.6329000000000011,0.6329000000000011,0.0,,,0.0,0.0,0.0
28,Non-burst,21.4357,21.4999,,,,,,,,
29,Non-burst,0.0,0.1934,,,,,,,,
29,Burst,0.1934,2.0786,0.23564999999999997,0.25934999999999986,0.05203277813071301,-1.0136462833651831,-0.7763987308557957,0.0,37.0,0.0
29,Burst,2.6525,2.8878,0.23530000000000006,0.23530000000000006,0.0,,,0.0,0.0,0.0
29,Burst,3.2362,3.8886,0.21746666666666656,0.23929999999999962,0.0330210370656176,-1.4999999999999991,-0.7027319804858161,0.0,21.0,0.0
29,Burst,6.3589,6.4016,0.02134999999999998,0.02134999999999998,0.0016500000000005954,-2.0,0.0,0.0,0.0,0.0
29,Burst,6.8359,8.3015,0.1465600000000001,0.14819999999999967,0.035456006543320956,-1.1582930641935107,-0.0026854955223675593,0.0,14.0,0.0
29,Burst,8.6943,10.6843,0.18090909090909094,0.17910000000000004,0.07425892605723294,-1.3643291771327586,0.1144937290045356,0.0,57.0,0.0
29,Burst,11.0038,11.259,0.2552000000000003,0.2552000000000003,0.0,,,0.0,0.0,0.0
29,Burst,14.7392,14.8164,0.07719999999999949,0.07719999999999949,0.0,,,0.0,0.0,0.0
29,Burst,15.1217,16.2094,0.18128333333333302,0.18599999999999994,0.03653821819532183,-0.6656530285368021,0.2978709698394758,0.0,18.0,0.0
29,Burst,18.92,19.0522,0.13219999999999743,0.13219999999999743,0.0,,,0.0,0.0,0.0
29,Burst,21.0337,21.2421,0.20840000000000103,0.20840000000000103,0.0,,,0.0,0.0,0.0
29,Non-burst,2.0786,2.6525,0.5739000000000001,0.5739000000000001,0.0,,,0.0,0.0,0.0
29,Non-burst,2.8878,3.2362,0.34840000000000027,0.34840000000000027,0.0,,,0.0,0.0,0.0
29,Non-burst,3.8886,6.3589,0.8234333333333335,0.5263,0.5812135885847434,-1.5,0.6332313113685556,0.0,440.0,0.0
29,Non-burst,6.4016,6.8359,0.43429999999999946,0.43429999999999946,0.0,,,0.0,0.0,0.0
29,Non-burst,8.3015,8.6943,0.39279999999999937,0.39279999999999937,0.0,,,0.0,0.0,0.0
29,Non-burst,10.6843,11.0038,0.3194999999999997,0.3194999999999997,0.0,,,0.0,0.0,0.0
29,Non-burst,11.259,14.7392,0.69604,0.5291999999999994,0.3387211041550262,-0.5475782380208658,0.9609533756400466,0.0,315.0,0.0
29,Non-burst,14.8164,15.1217,0.3053000000000008,0.3053000000000008,0.0,,,0.0,0.0,0.0
29,Non-burst,16.2094,18.92,0.5421200000000006,0.5626999999999995,0.18950569806736697,-0.9370399073891282,0.4240235681269016,0.0,181.0,0.0
29,Non-burst,19.0522,21.0337,0.9907500000000002,0.9907500000000002,0.6575499999999987,-2.0,0.0,0.0,436.0,0.0
29,Non-burst,21.2421,21.4999,,,,,,,,
